Reviewer_Name,Reviewer_Type,Review_Time,Num_of_Review,Stars,Review_Comment
Sarah Protheroe,Local Guide,"Thursday, September 30, 2021 09:32:08",  24 reviews, 5 stars ,"Both of us had a meal, reasonably priced and colouring crayons and pictures and some reading books to keep the kids occupied. Table service was fast and the lady was very polite. We ordered through the app too"
Nick Cooper,Local Guide,"Tuesday, May 24, 2022 09:24:32",  275 reviews, 4 stars ,"A typical busy Wetherspoons.
Service was fine on a busy Saturday afternoon.  Food was as expected.
Friendly staff."
Jack Whitehead,Local Guide,"Tuesday, May 17, 2022 09:24:32",7 reviews, 5 stars ,"Cheap drinks, nice staff, can get busy at times"
Rachel Meredith,Local Guide,"Sunday, May 01, 2022 10:55:29",  13 reviews, 3 stars ,Allways come here and usually the service is second to nine however lately it has taken a turn the for worst with management rolling there eyes at me because they got my order wrong to staff asking me to move so they can deliver food and drink to another table even tho they could walk round ....
Mark Sutton,Local Guide,"Sunday, May 31, 2020 09:47:00",  780 reviews, 5 stars ,Plenty of seating in a clean and welcoming public house. Recommended. Friendly and helpful staff too.
perry attwell,Local Guide,"Sunday, May 01, 2022 10:55:29",56 reviews, 4 stars ,"It was like walking back in time,  a village atmosphere   nice food nice people!!"
Mike Purcell,Local Guide,"Friday, April 01, 2022 12:26:26",40 reviews, 5 stars ,Very friendly staff. Preparation and quality of food is very good.
Regan dan Gamer,Local Guide,"Saturday, June 01, 2019 03:58:14",  110 reviews, 2 stars ,"Only reason for the low score is me and my family went for lunch on tuesday 4 adults an my 7month grandson, we went to put the baby in an highchair an to my horror it was absoulty disgusting dryed food all over the front bar safety  straps …"
Nick Goss,Local Guide,"Tuesday, March 01, 2022 01:57:23",  62 reviews, 2 stars ,"Nice pub but very poor real ale choice, only Ruddles and Doom Bar. Not good by 'Spoons standards."
laura Thomas,Local Guide,"Saturday, October 30, 2021 08:01:11",5 reviews, 4 stars ,Food was nice my steak was a bit fatty and my lamb.  And my peppercorn sauce was a bit watery but nice all in all. resturant clean and tidy and staff friendly x
Rachel Meredith,Local Guide,"Thursday, September 30, 2021 09:32:08",3 reviews, 1 star ,Have to admit I've not been impressed with the service last couple.of times I visited this pub. First time order via app got.mixed up and we were told we needed to give drinks back and yesterday I ordered a drink which was delivered to …
James Davies,Local Guide,"Tuesday, May 10, 2022 09:24:32",5 reviews, 3 stars ,"Bit cleaner that ones I've been to, some staff are friendly other can be ignorant"
sean webb,Local Guide,"Tuesday, November 30, 2021 06:30:14",83 reviews, 2 stars ,"So far for food, the worst spoons I have visited.
Dry buttermilk barbeque burger. No barbeque sauce, no onion rings"
Kevin Thomas,Local Guide,"Thursday, December 30, 2021 04:59:17",  176 reviews, 4 stars ,"Popular local pub, good food and cheap ales, need to clear the tables a bit quicker 🤔"
Daniel Lewis,Local Guide,"Thursday, December 30, 2021 04:59:17",5 reviews, 5 stars ,Nice chilled atmosphere tidy brekkie and tidy staff what else could you ask for
R9 Beny,Local Guide,"Thursday, July 01, 2021 02:04:59",1 review, 1 star ,"Avoid this place,I went today with my family and ordered margarita pizza,my daughter she is 4 and pizza was bad not cooked at all inside it was still fresh and when waitress come to us with pizza she even said that they have problem with …"
Sharon Jones,Local Guide,"Saturday, October 30, 2021 08:01:11",4 reviews, 1 star ,Breakfast always warm last time had burger chips salad it was terrible burger was rock hard over cooked chips wasn't done enough and it was cold
Jess Ponsford,Local Guide,"Friday, April 01, 2022 12:26:26",  21 reviews, 5 stars ,Lovely food and friendly staff.
Glyn Morgan,Local Guide,"Sunday, May 31, 2020 09:47:00",  50 reviews, 5 stars ,"Every time I visit there are tables available and the place is really clean. The staff are friendly and the beer, as with all weatherspoons is great value for money. It's not fine dining but it's not meant to be. I've not had a poor meal there for the price so have to give top marks"
kevin seymour,Local Guide,"Monday, August 30, 2021 11:03:05",  22 reviews, 4 stars ,"Nice food, nice atmosphere and decent attentive staff. Even the toilets were kept really clean for a weatherspoons"
julie payne,Local Guide,"Thursday, September 30, 2021 09:32:08",  244 reviews, 3 stars ,Good value breakfast
Paul Bishop,Local Guide,"Tuesday, November 30, 2021 06:30:14",7 reviews, 5 stars ,The curry tikka marsala was very nice with generous portions.Definitely revisiting
paul lewis,Local Guide,"Tuesday, May 17, 2022 09:24:32",59 reviews, 5 stars ,Very nice staff helpful to serve you
Angela Aberdeen,Local Guide,"Saturday, October 30, 2021 08:01:11",  12 reviews, 5 stars ,Always clean with friendly staff. One of the best wetherspoons I've been to.
Alicia Rachel Murphy,Local Guide,"Sunday, May 31, 2020 09:47:00",  18 reviews, 1 star ,"Didn't serve us at all until we complained took over 25 minutes for our drinks, then a further 20 minutes for my partner's food to arrive whereas mine NEVER was served, people who came into the pub up to 20 minutes after us were served immediately and had left! Absolutely appalling! If I could give a zero star rating I would!"
james jimmyd63,Local Guide,"Saturday, October 30, 2021 08:01:11",  42 reviews, 4 stars ,"Enjoyable evening, don't understand why a pint was 11p cheaper than Blackwood spoons."
Linda Scott,Local Guide,"Sunday, May 31, 2020 09:47:00",1 review, 5 stars ,I love visiting here the staff are always polite and very well mannered. However some customers the same can not be said about. It is fantastic that the staff still appear to be happy when under pressure. …
Dav Brown,Local Guide,"Sunday, May 31, 2020 09:47:00",1 review, 4 stars ,Whilst visiting from London was approached by unfriendly women who was rather drunk and quite abusive to staff. This review is for the staff the way the management dealt with her and apologised to me was best in class. I have no issue with …
John Coffey,Local Guide,"Tuesday, March 01, 2022 01:57:23",  53 reviews, 2 stars ,Breakfast was terrible  would not use again.
sara perry,Local Guide,"Thursday, May 31, 2018 10:09:28",5 reviews, 3 stars ,"Eaten here many times always had a good meal. However today was a different story. Steak over cooked, asked for rare and was well done and like rubber. Chicken and bacon now, over cooked the chicken would bounce off the plate. Asked for the …"
Peter Van Eker,Local Guide,"Thursday, July 01, 2021 02:04:59",1 review, 1 star ,No mixed grills left at 2pm and the chicken melt was dry and over cooked. Big drop from usual Spoons standards.
John Barr,Local Guide,"Thursday, September 30, 2021 09:32:08",  20 reviews, 5 stars ,"Very good service, staff always helpful, cheerful and friendly and will always take a minute or two to chat with customers"
WelshValleyCyclist,Local Guide,"Monday, May 31, 2021 03:35:46",  10 reviews, 5 stars ,Nice to get out  but absolutely freezing in there baltic .  All doors kept open for obvious reasons . Still nice to have a pint in a local place but way to cold .
Adam Tilling,Local Guide,"Thursday, December 30, 2021 04:59:17",  22 reviews, 5 stars ,"Brilliant food, Helpful staff"
Graham Godwin,Local Guide,"Thursday, July 01, 2021 02:04:59",  23 reviews, 5 stars ,"Some of the staff are better than the others,  that's to look at lol and the service, foods good too"
Kristofer Davies,Local Guide,"Thursday, May 31, 2018 10:09:28",  36 reviews, 1 star ,"Extremely poor, i came in here for food today, and firstly was given my food in the picture, my toast was burnt and my eggs was  destroyed, i sent the food back as it was unedable, i had a new plate of food which had mushrooms and tomatoes …"
Gillian Phillips,Local Guide,"Thursday, September 30, 2021 09:32:08",  51 reviews, 3 stars ,Nicest meal I've had in the Pontlottyn for a long time. Started to go down hill but hope it keeps this up.
Jane Wilkinson,Local Guide,"Wednesday, May 31, 2017 04:20:42",  66 reviews, 3 stars ,"Staff very friendly as always; food mediocre as always; heaven forbid you ask for the ""chef"" to create something other than what is offered up to your dish! I asked for toast to be replaced with fried bread... nope; asked for brown …"
Robert Bishop,Local Guide,"Sunday, May 31, 2020 09:47:00",3 reviews, 3 stars ,"The meals in the last couple of weeks have been better prepared and presented on the plate.
The problem here is it's who is in the kitchen determines if the meals are going presented correctly and of course edible."
Julie Wellington,Local Guide,"Saturday, June 01, 2019 03:58:14",8 reviews, 3 stars ,"Definitely needs to have a second self-service coffee/hot drinks machine, like in most other wetherspoons. Staff always friendly but not enough as the tables are hardly ever emptied and wiped over, Whenever my friends/family go in there …"
Rhod Morgan,Local Guide,"Tuesday, November 30, 2021 06:30:14",50 reviews, 5 stars ,"Typical spoons, cheap food cheap beer love it"
David Miles,Local Guide,"Saturday, June 01, 2019 03:58:14",  132 reviews, 3 stars ,"We visited Tuesday 02nd October 2018 for steak night. We ordered our meal at 18.45 and after 15 minutes we was told that there was no more steaks left and no jacket potatoes. Very disappointed and I then had gammon and my wife had scampi, …"
"Karen ,",Local Guide,"Friday, April 01, 2022 12:26:26",  390 reviews, 4 stars ,Typical wetherspoons. ..cheap and cheerful and friendly. No parking onsite but free car park very close by
Sabina Lewis,Local Guide,"Saturday, June 01, 2019 03:58:14",  295 reviews, 2 stars ,The coke was flat and warm.  And I had to send back a panini twice as to gain anything remotely resembling what was on the menu.  On saying that the staff were friendly and helpful.
Dylan Pearce,Local Guide,"Thursday, December 30, 2021 04:59:17",  23 reviews, 4 stars ,Lovely for a weatherspoons polite staff
Donna Jones,Local Guide,"Thursday, May 31, 2018 10:09:28",  38 reviews, 5 stars ,The young guy that served me this morning was absolutely fantastic very polite and service with a smile goes a long way. Keri is always very polite and she always seems to be busier than most Lovely lady .
Janis Knight,Local Guide,"Sunday, May 01, 2022 10:55:29",5 reviews, 4 stars ,".food  cold, steak tough as old boots   , no salad   ,going  from bad to worst, won't  be eating  in there again  .."
Christian Williams,Local Guide,"Saturday, October 30, 2021 08:01:11",  10 reviews, 4 stars ,Standard Wetherspoons stuff and the staff are friendly and the food is good.
Gerald Carter,Local Guide,"Sunday, May 31, 2020 09:47:00",  22 reviews, 3 stars ,Not the best food as the mash was rock hard asked for mushy peas and got garden. Bar staff don't  listen to orders or realise who's been stood at the bar the longest very disappointing  for a spoons ebbwvale one is far better all round
Graham grabhoy7 Paterson,Local Guide,"Wednesday, May 31, 2017 04:20:42",  53 reviews, 3 stars ,Would be 4* but today  table was dirty and glass marked over 1 hour in there and no staff member even looked .This not how I have seen other times I have been in. Yes the place is busy but it a Witherspoon's it going to be . I by large find the staff of a wide age group to all be friendly polite and helpful.
Kevin Ford,Local Guide,"Thursday, December 30, 2021 04:59:17",  59 reviews, 4 stars ,Great night
Phil Thomas,Local Guide,"Thursday, December 30, 2021 04:59:17",  44 reviews, 3 stars ,Typical wetherspoon
Shannon Price,Local Guide,"Sunday, May 31, 2020 09:47:00",  66 reviews, 5 stars ,"Good atmosphere, great food and cheap drinks. Great place to chill and catch up with friends."
Rodney East,Local Guide,"Monday, May 31, 2021 03:35:46",  23 reviews, 2 stars ,"It was dark atsphere, staff was not very cheerful or chatty .
Will not go there again in a rush ."
Alison Case,Local Guide,"Saturday, June 01, 2019 03:58:14",  84 reviews, 4 stars ,Good value. Food quite good. More staff needed on busy days.
Luke Phillips,Local Guide,"Thursday, May 31, 2018 10:09:28",9 reviews, 5 stars ,Nice comfortable spoons. Food is always decent. Toilets are clean and tidy. Nice atmosphere.
Mike W,Local Guide,"Saturday, June 01, 2019 03:58:14",  216 reviews, 4 stars ,A decent enough 'Spoons'. Why does my favourite beer cost 40p less per pint than it does in my home town in Kent. Hmmmmmmm.
Louise OConnor,Local Guide,"Thursday, September 30, 2021 09:32:08",  34 reviews, 4 stars ,Awesome pizza!
David Jessop,Local Guide,"Sunday, May 31, 2020 09:47:00",196 reviews, 5 stars ,Hi I had a very nice time with you today I am from Doncaster and Paul is from London I doon 706
Mark Morgan,Local Guide,"Sunday, May 31, 2020 09:47:00",12 reviews, 2 stars ,"It's filthy inside, stinks of stale beer, full of alcoholics, the food that was brought out was terribly presented, no garnish on some of the meals, drinks missed off the order, The waitress insisted that she didn't take for the missed drink and tried to re-charge me even though it was included with my meal."
Russel Hill,Local Guide,"Thursday, May 31, 2018 10:09:28",  66 reviews, 4 stars ,Pleasant decor and budget prices have made this one of the most popular pubs in Abertillery and one of the only options in town for a sit-down meal. Standard wetherspoons menu and service.
chairborne warrior,Local Guide,"Saturday, June 01, 2019 03:58:14",12 reviews, 5 stars ,"Cant fault it. The mrs left her handbag under the table,  staff noticed it within minutes and took it behind the bar to be locked in the office. On that alone I am happy to give 5 stars."
Glen Bridge,Local Guide,"Saturday, June 01, 2019 03:58:14",  20 reviews, 1 star ,Had surf and turf the steak had a massive piece of gristle running throughout the meat and when i said to the waitress that the worst food ive had in here all she could say was aaaam sorry so i left and want be spending anymore money here harvester pontypool 16oz rib eye steak awesome! Vote with your doller??
Adel L.,Local Guide,"Monday, August 30, 2021 11:03:05",  55 reviews, 5 stars ,You get what you expect from a Wetherspoon. We love having breakfast here.
Ross Bradley,Local Guide,"Sunday, May 31, 2020 09:47:00",1 review, 1 star ,"Last friday ordered Fish and chips at 11.30 only to be told we have No Fish , today go in at 1.30,12waiting at the bar, tables full of dishes, one behind bar and one on shop floor,will not be in any hurray to go back there, disgraceful"
Cath “Keo” Baker,Local Guide,"Friday, May 31, 2013 05:05:38",4 reviews, 5 stars ,Me and my partner go to thus pib near enough every week. We love it. Great food brilliant staff and a great atmosphere never fail to have a great night every time
Andrea Parker,Local Guide,"Saturday, June 01, 2019 03:58:14",4 reviews, 5 stars ,Great food and very polite staff which couldn't of helped more
Sharon Harvey,Local Guide,"Saturday, June 01, 2019 03:58:14",  19 reviews, 5 stars ,"I am a regular visitor to the pontlottyn,  in Abertillery. given its name after the former department store that occupied the site,  it is a local meeting point for lunch, coffee or something a little stronger. …"
caroline jones,Local Guide,"Thursday, May 31, 2018 10:09:28",6 reviews, 4 stars ,"Nice place surprisingly busy at 10am can't wait to try their food

Well I tried their food and it was rubbish absolutely tasteless and how can someone burn a tomato to cinders. Prefer Abergavenny spoons."
chris grandon,Local Guide,"Tuesday, November 30, 2021 06:30:14",34 reviews, 5 stars ,Great for a quick bite and a pint
PJ Robins,Local Guide,"Wednesday, May 31, 2017 04:20:42",  6 reviews, 4 stars ,"Good food, plenty of it.  Pleasant  atmosphere and polite staff."
Mark Garratt,Local Guide,"Thursday, July 01, 2021 02:04:59",1 review, 3 stars ,Was a nice meal and pint staff great
Norman Donald,Local Guide,"Saturday, June 01, 2019 03:58:14",  18 reviews, 4 stars ,Nice friendly pub. Great selection of drinks at very reasonably prices. Good food too.
Paul Clark,Local Guide,"Wednesday, May 31, 2017 04:20:42",1 review, 1 star ,"Male bar staff will leave you waiting for ages if there's a good looking womand there ,rude arigont ,, tables don't get cleaned"
Mark Austin,Local Guide,"Saturday, June 01, 2019 03:58:14",  48 reviews, 2 stars ,As usual not enough staff to serve behind bar. Lengthy wait to get served even worse on holiday times!! Gave up and went somewhere else!
Stacey Wilcox,Local Guide,"Saturday, June 01, 2019 03:58:14",2 reviews, 1 star ,Dirty discusting place. All tables full with glasses empty plates dishes and tables food awful wouldn't recommend this place for my dog to eat there
Mikey Ball,Local Guide,"Saturday, June 01, 2019 03:58:14",  48 reviews, 4 stars ,Visit this place quite regularly the food is nice and very reasonably priced. Staff are friendly.
Curtis Holder,Local Guide,"Saturday, June 01, 2019 03:58:14",  9 reviews, 5 stars ,"Come here for breakfast quite often, never disappointed it's always nice."
John Williams,Local Guide,"Wednesday, May 31, 2017 04:20:42",54 reviews, 3 stars ,Great food and drink deals sometimes poorly delivered😣. Catch them on a good day and all good.
Christine Godwin,Local Guide,"Saturday, June 01, 2019 03:58:14",167 reviews, 4 stars ,Nice coffee even if it was out of a machine. Very good value. Very nice staff.
Carl Greenland,Local Guide,"Thursday, May 31, 2018 10:09:28",4 reviews, 2 stars ,"It's a spoons. Bad food and worse beer! However, Staff are friendly and service is good."
Miss S J Higgins,Local Guide,"Sunday, May 01, 2022 10:55:29",14 reviews, 3 stars ,its ok
lucy humphrey,Local Guide,"Saturday, June 01, 2019 03:58:14",25 reviews, 5 stars ,Excellent service. Staff were lovely & the place had a lovely atmosphere.
Shaun Aubrey,Local Guide,"Monday, August 30, 2021 11:03:05",  62 reviews, 5 stars ,Good breakfast excellent service.
Stephen Davies,Local Guide,"Saturday, June 01, 2019 03:58:14",  67 reviews, 3 stars ,"Lovely beer in a relaxed environment, it's a Wetherspoon's, so the food is hit and miss."
Stephen Jones,Local Guide,"Wednesday, May 31, 2017 04:20:42",28 reviews, 5 stars ,"Just had the chilli hot dog with chips and onion rings in a very busy Pontlottyn ,quick service and lovely food great staff."
Rachael Furmage,Local Guide,"Monday, May 31, 2021 03:35:46",  25 reviews, 5 stars ,"Friendly staff, very nice food"
George Hill,Local Guide,"Wednesday, May 31, 2017 04:20:42",  6 reviews, 5 stars ,Good beer. Good food . Good old Wetherspoons prices. And staff great. Use regularly.
Mike Pearce,Local Guide,"Saturday, June 01, 2019 03:58:14",  85 reviews, 5 stars ,Not so busy on last Tuesday night. Food good and excellent value.
Adele James,Local Guide,"Saturday, June 01, 2019 03:58:14",7 reviews, 3 stars ,"It was ok, staff are lovely, food wasn't all that today."
Jonathan Rees,Local Guide,"Monday, May 31, 2021 03:35:46",  50 reviews, 5 stars ,Great service and tidy food for the money.
stefanie gregory,Local Guide,"Saturday, June 01, 2019 03:58:14",  55 reviews, 4 stars ,"Visited for the first time yesterday, but on first impressions seems a friendly, homely sort of place."
Naomi Bowyer (naomiqueen19),Local Guide,"Wednesday, May 31, 2017 04:20:42",  46 reviews, 3 stars ,Good quite family place food is not always up to scratch
Adam Watson,Local Guide,"Saturday, May 31, 2014 10:54:24",  42 reviews, 4 stars ,"One of the last remaining pubs,  or anything, in this ghost town.  Very clean with good food and friendly staff."
Daniel Thomas,Local Guide,"Thursday, May 31, 2018 10:09:28",  28 reviews, 5 stars ,Food was good. Steak was a fair size and very nice.
ikye okafo,Local Guide,"Thursday, December 30, 2021 04:59:17",  26 reviews, 4 stars ,Nice food
Nina Finnigan,Local Guide,"Sunday, May 31, 2020 09:47:00",14 reviews, 4 stars ,Friendly staff. Food basic but nicely presented.
David Alexander Jurich,Local Guide,"Saturday, October 30, 2021 08:01:11",  57 reviews, 5 stars ,Lovely atmosphere good service
Ceri Williams,Local Guide,"Sunday, May 31, 2020 09:47:00",  115 reviews, 2 stars ,Bit rough.had our food then the drinks came after we queried why we hadn't had them
Richard Dexter,Local Guide,"Saturday, June 01, 2019 03:58:14",32 reviews, 4 stars ,Good food great price quiet atmosphere
sue mcculloch,Local Guide,"Sunday, May 31, 2020 09:47:00",8 reviews, 4 stars ,Very nice meal and Casey  was very polite and jelpful
Rich Stevens,Local Guide,"Saturday, June 01, 2019 03:58:14",  35 reviews, 5 stars ,"Eggs benadict was very nice, nice light sauce, would definitely recommend to ppl"
Sheila Williams,Local Guide,"Sunday, May 31, 2020 09:47:00",3 reviews, 3 stars ,"Good menu, good prices pleasant staff."
Stephen Price,Local Guide,"Sunday, May 01, 2022 10:55:29",17 reviews, 4 stars ,Good value
Mark Holland,Local Guide,"Saturday, June 01, 2019 03:58:14",10 reviews, 2 stars ,"Thus place badly needs an upgrade and more staff behind the bar, very difficult getting served especially on weekend's"
Paquita Milbourn,Local Guide,"Saturday, June 01, 2019 03:58:14",3 reviews, 5 stars ,Always good..service fast and happy..one of the best
Big Bird,Local Guide,"Wednesday, May 31, 2017 04:20:42",  21 reviews, 5 stars ,"Good range of food...reasonably priced, warm and comfortable 😊"
lee “daddyof6” bridges,Local Guide,"Sunday, May 31, 2020 09:47:00",  109 reviews, 4 stars ,Good atmosphere and drink what more do you want
Lyndon Hughes,Local Guide,"Saturday, June 01, 2019 03:58:14",1 review, 4 stars ,Excellent service with polite staff there is always a friendly atmosphere when there
Michelle Harries,Local Guide,"Saturday, June 01, 2019 03:58:14",  80 reviews, 3 stars ,Nice place enjoyable meal very busy on weekend
Steve Thornton,Local Guide,"Saturday, June 01, 2019 03:58:14",48 reviews, 5 stars ,Food and staff great as always 👍👍
Gary Dann,Local Guide,"Monday, May 31, 2021 03:35:46",15 reviews, 4 stars ,Friendly staff. Typical spoons pub although smaller than most
Marcia Price,Local Guide,"Sunday, May 31, 2020 09:47:00",20 reviews, 3 stars ,It has same facilities as other Wetherspoons but is rather dark inside that's why no 5 stars
Allison Thrush,Local Guide,"Wednesday, May 31, 2017 04:20:42",8 reviews, 5 stars ,Excellent always friendly good food and excellent value for money
Coral Spellman,Local Guide,"Sunday, May 31, 2020 09:47:00",  4 reviews, 4 stars ,"Reasonably priced bar meals , spacious and clean"
Mega Reviews,Local Guide,"Thursday, May 31, 2018 10:09:28",14 reviews, 1 star ,New staff with bad attitudes this place has changed! food sent back 2 times avoid at all costs!  Food still frozen microwaved food
Julian Hucker,Local Guide,"Saturday, June 01, 2019 03:58:14",  62 reviews, 5 stars ,It.s ok but could do with a few more staff at the pumps
Bella66578,Local Guide,"Thursday, May 31, 2018 10:09:28",  62 reviews, 4 stars ,Good service and always busy. Can be a challenge to find a table!
Steve Dobson,Local Guide,"Wednesday, May 31, 2017 04:20:42",2 reviews, 1 star ,"Service is appalling, ignored by staff to busy serving friends and then rude when I pointed out how long I had been waiting."
Tom Summers,Local Guide,"Saturday, June 01, 2019 03:58:14",11 reviews, 3 stars ,Friendly staff friendly customers food ok cheap drinks
mostyn ball,Local Guide,"Monday, May 31, 2021 03:35:46",  33 reviews, 5 stars ,Good food .Served  quickly
William Button,Local Guide,"Saturday, June 01, 2019 03:58:14",  21 reviews, 5 stars ,Nice food Penty to eat and hot .the lighting could be brighter
Marge Barley,Local Guide,"Saturday, June 01, 2019 03:58:14",2 reviews, 3 stars ,Very nice staff and breakfast was hot and nice taste
Anita White,Local Guide,"Thursday, May 31, 2018 10:09:28",  20 reviews, 4 stars ,"Tasty beef  chilli 🌶 with nachos.
Nice half pint of Doom Bar."
Gwyn Williams,Local Guide,"Thursday, May 31, 2018 10:09:28",33 reviews, 4 stars ,"Very good watering hole, nice food and friendly."
yvonne butcher,Local Guide,"Saturday, June 01, 2019 03:58:14",18 reviews, 5 stars ,It nice place to have meals eat out
Sian Watts,Local Guide,"Thursday, May 31, 2018 10:09:28",12 reviews, 4 stars ,Busy . Food great. Used app to order. Great
Howell Jukes,Local Guide,"Sunday, May 31, 2020 09:47:00",2 reviews, 4 stars ,"It's like a sort of club! Very helpful, hard-working staff."
Michael Brown,Local Guide,"Thursday, May 31, 2018 10:09:28",  10 reviews, 4 stars ,Staff are friendly but some times could do with more staff behind the bar when it busy
Stephen Hopkins,Local Guide,"Monday, May 31, 2021 03:35:46",  22 reviews, 3 stars ,Nice meal good atmosphere.
Terrence Trickett,Local Guide,"Thursday, May 31, 2018 10:09:28",13 reviews, 5 stars ,"Great pub,atmosphere and food.first class"
Jeff Hopkins,Local Guide,"Saturday, June 01, 2019 03:58:14",25 reviews, 5 stars ,Friendly staff and good food
Charlie Donovan,Local Guide,"Wednesday, May 31, 2017 04:20:42",  14 reviews, 4 stars ,It's nice compared to other wetherspoons I've been in
Kathleen Hulme,Local Guide,"Saturday, June 01, 2019 03:58:14",21 reviews, 5 stars ,Very good nice and clean staff very oblidging x
Paul LLewellyn,Local Guide,"Thursday, May 31, 2018 10:09:28",1 review, 3 stars ,Slow service at the bar. Never enough staff working to cope with the demand.
Chriss Dominey,Local Guide,"Thursday, May 31, 2018 10:09:28",2 reviews, 5 stars ,The service is always friendly and the food is always good.
Gary Nutt,Local Guide,"Sunday, May 31, 2020 09:47:00",  63 reviews, 5 stars ,Great food good price
Sian Rees,Local Guide,"Saturday, June 01, 2019 03:58:14",58 reviews, 5 stars ,Fabulous -steak cooked perfectly  even for a very fussy eater.
Paula Metcalfe,Local Guide,"Saturday, June 01, 2019 03:58:14",  15 reviews, 5 stars ,"Lovely pub, great atmosphere friendly people"
Patricia Coughlin,Local Guide,"Thursday, May 31, 2018 10:09:28",  71 reviews, 4 stars ,Good place for coffee and a nice meal 🍴
matthew parsons,Local Guide,"Friday, May 31, 2013 05:05:38",  21 reviews, 4 stars ,"Very good sunday dinner , good atmosphere for watching the six nations"
sheila pitt,Local Guide,"Sunday, May 31, 2020 09:47:00",8 reviews, 1 star ,"Ham nice, eggs hard, chips hard. Not again"
Hayley Murphy,Local Guide,"Saturday, June 01, 2019 03:58:14",7 reviews, 2 stars ,"Dirty tables, dry food. Staff was friendly though"
Ceridwen George,Local Guide,"Sunday, May 31, 2020 09:47:00",50 reviews, 4 stars ,Food was the best in a long time
Iain O'hara,Local Guide,"Monday, May 31, 2021 03:35:46",79 reviews, 1 star ,Food was microwaved and bloody awful
Paul Yates,Local Guide,"Thursday, May 31, 2018 10:09:28",11 reviews, 5 stars ,Great choice Great service yet again many thanks to all at the Pontlottyn.
Ruth Forrestal,Local Guide,"Saturday, June 01, 2019 03:58:14",  61 reviews, 5 stars ,Food is amazing ...great value
Linda Edwards,Local Guide,"Saturday, June 01, 2019 03:58:14",6 reviews, 5 stars ,Excellent service lovely food
Ingrid Meganck,Local Guide,"Saturday, June 01, 2019 03:58:14",7 reviews, 4 stars ,Just a great place with a nice atmosphere.
Kelvin Beech,Local Guide,"Thursday, May 31, 2018 10:09:28",  93 reviews, 3 stars ,Very busy in morning and breakfast really good
jean fullwood,Local Guide,"Saturday, June 01, 2019 03:58:14",1 review, 5 stars ,The special for the day was agreat deal pleanty for your money
Claire Morgan,Local Guide,"Saturday, June 01, 2019 03:58:14",40 reviews, 5 stars ,Good meeting place. Cheap food.
S Pugh,Local Guide,"Thursday, May 31, 2018 10:09:28",35 reviews, 5 stars ,"Always a friendly place to be, people are always ready for a chat."
FatBoy Jim,Local Guide,"Sunday, May 31, 2020 09:47:00",  16 reviews, 3 stars ,Can't cook a burger. Even if it's microwaved.
Clive Beck 2nd account,Local Guide,"Sunday, May 31, 2020 09:47:00",  36 reviews, 4 stars ,Attentive staff and good food
Nicola Tedstone,Local Guide,"Sunday, May 31, 2020 09:47:00",  23 reviews, 5 stars ,"Good service, good atmosphere, good value"
Mark Lewis,Local Guide,"Saturday, June 01, 2019 03:58:14",  18 reviews, 5 stars ,Nice local pub in my home town.
paul jones,Local Guide,"Sunday, May 31, 2020 09:47:00",12 reviews, 1 star ,Very poor cold food sent it back
Chris Jarman,Local Guide,"Saturday, June 01, 2019 03:58:14",15 reviews, 5 stars ,"Excellent, food really good"
FGM!,Local Guide,"Thursday, May 31, 2018 10:09:28",2 reviews, 5 stars ,Best people best drinks best food
lisa coombs,Local Guide,"Sunday, May 31, 2020 09:47:00",35 reviews, 2 stars ,if you like no music this is the place for you  .
anthony brocklehurst,Local Guide,"Friday, April 01, 2022 12:26:26",  272 reviews, 5 stars ,Good place
Gaynor Preece,Local Guide,"Thursday, May 31, 2018 10:09:28",4 reviews, 1 star ,Not happy with the meals 2 day  at all terrible
Bica Ionel,Local Guide,"Thursday, May 31, 2018 10:09:28",  21 reviews, 5 stars ,U should try the spicy buffalo wings
gareth meek,Local Guide,"Wednesday, May 31, 2017 04:20:42",  73 reviews, 5 stars ,Good food good drink good atmosphere
Kerrie Davies,Local Guide,"Saturday, June 01, 2019 03:58:14",  47 reviews, 4 stars ,Really good service and food good
Shaun Barnsley,Local Guide,"Sunday, May 31, 2020 09:47:00",  62 reviews, 1 star ,Still so bad they need to get more staff
Ken Assirati,Local Guide,"Sunday, May 31, 2020 09:47:00",44 reviews, 4 stars ,Very slow cleaning table when people finish
77specky m,Local Guide,"Tuesday, May 31, 2016 10:31:56",  22 reviews, 1 star ,crap microwave food well disappointed don't even deserve 1 star
Kathryn Sillman,Local Guide,"Thursday, May 31, 2018 10:09:28",  99 reviews, 2 stars ,Nice pint food ok.
Gary Davies,Local Guide,"Saturday, June 01, 2019 03:58:14",  35 reviews, 4 stars ,Good spoons always like coming here
david lane,Local Guide,"Thursday, May 31, 2018 10:09:28",4 reviews, 5 stars ,Love the atmosphere and aycd coffee
Brian Watkins,Local Guide,"Thursday, May 31, 2018 10:09:28",  37 reviews, 3 stars ,Nice pint. Locals a bit edgy
lyn heal,Local Guide,"Wednesday, May 31, 2017 04:20:42",  49 reviews, 4 stars ,Friendly staff food ok
Richard Rees,Local Guide,"Saturday, June 01, 2019 03:58:14",9 reviews, 4 stars ,Could do with a couple more bar staff
Owen Woodward,Local Guide,"Thursday, September 30, 2021 09:32:08",  343 reviews, 4 stars ,Nice breakfast
Chris Reed,Local Guide,"Thursday, May 31, 2018 10:09:28",  58 reviews, 5 stars ,Nice steak tonight for Valentine 👍
Pam Davies,Local Guide,"Monday, May 31, 2021 03:35:46",4 reviews, 5 stars ,Lovely setting on harbour front
Gareth Chapman,Local Guide,"Thursday, May 31, 2018 10:09:28",1 review, 5 stars ,Fantastic food again at the pontlottyn.
Janice Price,Local Guide,"Saturday, October 30, 2021 08:01:11",  59 reviews, 5 stars ,Brill
Jean Frost Smith,Local Guide,"Thursday, May 31, 2018 10:09:28",  80 reviews, 4 stars ,"Lively place, food good."
Danny,Local Guide,"Monday, May 31, 2021 03:35:46",  9 reviews, 3 stars ,Forgot me bacon!
nafman85,Local Guide,"Thursday, May 31, 2018 10:09:28",13 reviews, 4 stars ,Very nice in the style of borris johnson
Lisa Aspinall,Local Guide,"Saturday, June 01, 2019 03:58:14",  44 reviews, 3 stars ,Busy for a weekday lunchtime in a small town.
Leonhinds2001 Hindsy,Local Guide,"Sunday, May 31, 2020 09:47:00",14 reviews, 5 stars ,Nice food  and staff
C E,Local Guide,"Monday, August 30, 2021 11:03:05",  81 reviews, 5 stars ,Love it
Aline Ferreira,Local Guide,"Thursday, July 01, 2021 02:04:59",4 reviews, 1 star ,Never go there again
popping black heads and spots,Local Guide,"Saturday, June 01, 2019 03:58:14",2 reviews, 5 stars ,Very nice pint of stella
Lauren Axford,Local Guide,"Wednesday, May 31, 2017 04:20:42",1 review, 4 stars ,"Nice food. Nice staff
👍👍👍👍👍👍👍"
Jane Davies,Local Guide,"Sunday, May 31, 2020 09:47:00",6 reviews, 5 stars ,Great food and drink
Lee Burgham,Local Guide,"Thursday, July 01, 2021 02:04:59",4 reviews, 4 stars ,Not cleaning the lines ..
Geraldine Garrett-Williams,Local Guide,"Thursday, May 31, 2018 10:09:28",4 reviews, 2 stars ,See reviews and photos on Facebook page
Mushroom Gods,Local Guide,"Thursday, May 31, 2018 10:09:28",2 reviews, 4 stars ,Ok food which is cheap enough
mark turner,Local Guide,"Thursday, May 31, 2018 10:09:28",  44 reviews, 4 stars ,"What can you say, typical wetherspoons."
Clayton Meek,Local Guide,"Thursday, May 31, 2018 10:09:28",  38 reviews, 5 stars ,Great pub grub
Leanne Jarvis,Local Guide,"Thursday, May 31, 2018 10:09:28",1 review, 5 stars ,Very nice meal
lianne gwilliam,Local Guide,"Monday, June 01, 2015 04:43:10",1 review, 1 star ,That bad cant be bothered to say how bad it really was
Huw Evans,Local Guide,"Sunday, May 31, 2020 09:47:00",  271 reviews, 5 stars ,Lovely little weatherspoons
Janet Wilton,Local Guide,"Thursday, May 31, 2018 10:09:28",6 reviews, 4 stars ,Helpful staff Liz in particular
Kevin Knapp,Local Guide,"Sunday, May 31, 2020 09:47:00",  221 reviews, 5 stars ,Magners £1.75 a pint
Linda Williams,Local Guide,"Saturday, June 01, 2019 03:58:14",  27 reviews, 5 stars ,Nice food
Stuart Elsworth,Local Guide,"Thursday, May 31, 2018 10:09:28",  18 reviews, 4 stars ,Breakfast good as always
Andrew Collins,Local Guide,"Saturday, June 01, 2019 03:58:14",  168 reviews, 5 stars ,Great pub
Ian Burton,Local Guide,"Thursday, May 31, 2018 10:09:28",  59 reviews, 5 stars ,Nice place to eat.
paul allison,Local Guide,"Saturday, June 01, 2019 03:58:14",  28 reviews, 5 stars ,Very good
Clive Beck,Local Guide,"Sunday, May 31, 2020 09:47:00",  56 reviews, 4 stars ,Value for money pub
William Pincott,Local Guide,"Thursday, May 31, 2018 10:09:28",  258 reviews, 4 stars ,Good value for money..
oliver wortley,Local Guide,"Thursday, May 31, 2018 10:09:28",  33 reviews, 5 stars ,Great weatherspoon as per :)
Death By Die,Local Guide,"Saturday, June 01, 2019 03:58:14",16 reviews, 4 stars ,Always friendly service
Claire Thomas,Local Guide,"Monday, May 31, 2021 03:35:46",  61 reviews, 3 stars ,Its good
Robert Pascoe,Local Guide,"Sunday, May 01, 2022 10:55:29",  24 reviews, 5 stars ,Cheap n cheerful.
Jasmine Williams,Local Guide,"Thursday, May 31, 2018 10:09:28",  23 reviews, 4 stars ,Good quick service
Ryan Sturdy,Local Guide,"Saturday, June 01, 2019 03:58:14",  24 reviews, 5 stars ,Cracking selection of beers!
Liz Stewart,Local Guide,"Monday, May 31, 2021 03:35:46",8 reviews, 5 stars ,Friendly and fast.
Simon Meredith,Local Guide,"Saturday, July 31, 2021 12:34:02",  111 reviews, 1 star ,Shocking food
Kelly Finney,Local Guide,"Wednesday, May 31, 2017 04:20:42",17 reviews, 5 stars ,Cheap drink and food
Geraint Evans,Local Guide,"Sunday, May 31, 2020 09:47:00",  90 reviews, 4 stars ,Lively!!
Tamara McCulloch,Local Guide,"Sunday, May 31, 2020 09:47:00",38 reviews, 4 stars ,Value for money.
John Jenkins,Local Guide,"Saturday, June 01, 2019 03:58:14",6 reviews, 1 star ,Not epic at all
Ash Pringle,Local Guide,"Monday, May 31, 2021 03:35:46",7 reviews, 1 star ,Stella was disgusting
Andrew Axford,Local Guide,"Saturday, June 01, 2019 03:58:14",  200 reviews, 5 stars ,Best thing that has come to Abertillery
Andy Jones,Local Guide,"Sunday, May 31, 2020 09:47:00",  172 reviews, 4 stars ,Does what it says on the tin
Chris Lewis,Local Guide,"Thursday, May 31, 2018 10:09:28",1 review, 5 stars ,Nice breakfast
mark anderson,Local Guide,"Sunday, May 31, 2020 09:47:00",15 reviews, 4 stars ,Nice environment
Robert Chivers,Local Guide,"Saturday, June 01, 2019 03:58:14",  238 reviews, 5 stars ,Lovely place 😆
Tyrone Arnold,Local Guide,"Saturday, June 01, 2019 03:58:14",  22 reviews, 4 stars ,Good
janet blanchrd,Local Guide,"Thursday, May 31, 2018 10:09:28",8 reviews, 5 stars ,Lovely brekkie
BeeHiveFive,Local Guide,"Monday, May 31, 2021 03:35:46",5 reviews, 5 stars ,Epic
Keryl Smith,Local Guide,"Saturday, June 01, 2019 03:58:14",4 reviews, 3 stars ,Ok for a local
kathleen johnson,Local Guide,"Thursday, May 31, 2018 10:09:28",  41 reviews, 5 stars ,Excellent
JOANNE WILLIAMS,Local Guide,"Thursday, May 31, 2018 10:09:28",6 reviews, 5 stars ,Brilliant
Mark Wood,Local Guide,"Saturday, June 01, 2019 03:58:14",20 reviews, 3 stars ,Slow service
Paul Hale,Local Guide,"Thursday, May 31, 2018 10:09:28",13 reviews, 5 stars ,Lovely place
Jamie Collier,Local Guide,"Saturday, June 01, 2019 03:58:14",11 reviews, 1 star ,Absolute joke of a place
Mike Brown,Local Guide,"Saturday, June 01, 2019 03:58:14",  186 reviews, 4 stars ,Price is right
George Plaice,Local Guide,"Saturday, June 01, 2019 03:58:14",  29 reviews, 4 stars ,Good weatherspoon
Plumbfix Wales,Local Guide,"Sunday, May 31, 2020 09:47:00",  28 reviews, 2 stars ,Gone down hill
Michael Pow,Local Guide,"Thursday, May 31, 2018 10:09:28",5 reviews, 4 stars ,Freezing cold
Stephen Snook,Local Guide,"Saturday, June 01, 2019 03:58:14",  27 reviews, 4 stars ,Nice place
annette parry,Local Guide,"Saturday, June 01, 2019 03:58:14",31 reviews, 2 stars ,Hit and miss
Steve Bard,Local Guide,"Friday, May 27, 2022 09:24:32",  18 reviews, 5 stars ,Good pint. Good service. Great price.
Damien Wall,Local Guide,"Tuesday, May 31, 2022 03:24:32",20 reviews, 3 stars ,Standard Spoons
