Reviewer_Name,Reviewer_Type,Review_Time,Num_of_Review,Stars,Review_Comment
marc walker-knight,Local Guide,"Friday, April 01, 2022 12:34:18",  27 reviews, 3 stars ,"Food and drinks served relatively quickly , however food preparation is pretty average. Steak to be fair tasted pretty good but there seems to be inconsistent quality on pizza/garlic breads. …"
beautifully human,Local Guide,"Tuesday, May 24, 2022 09:32:24",  67 reviews, 5 stars ,"Super chilled vibe. First time having a few drinks here on the Sunday bank holiday. Staff are super friendly. Yummy pub grub & drinks! Mixed crowd. Fully enjoyed my time here, will be back soon! Was there again on Saturday for food.. chef food is on point! Thank you"
K. Peake,Local Guide,"Thursday, December 30, 2021 05:07:09",  203 reviews, 5 stars ,"This is a nicely positioned pub near the town's bus station and is relatively quiet, while it has added fantastic Christmas decorations for the season. My employee discount was easily usable here and the staff were kind, giving me a lime …"
Julio Romero,Local Guide,"Thursday, July 01, 2021 02:12:51",  22 reviews, 3 stars ,Nice pub. Food was tasty. Table was clean. Nice atmosphere. We entered the pub and sat down ordering table service without being greeted or acknowledged by staff. We waited 20 minutes to get our drinks to then be told they were very busy …
Tracy Brooker-Carey,Local Guide,"Sunday, May 01, 2022 11:03:21",  56 reviews, 5 stars ,"Good service and good food apart from waitress telling me to get my own sauce as she was too busy... I know it was full of football fans and was busy but a simple.. ""all sauces are there please help yourself"" would of been better"
Karl Greenwood,Local Guide,"Tuesday, May 17, 2022 09:32:24",13 reviews, 4 stars ,Always good food when I go and if there is an issue it’s minor and they sort it out no problem and promptly. Staff are friendly and quick to help. Lack of tables can be an issue at times
Jo-Ann Kane,Local Guide,"Friday, April 01, 2022 12:34:18",  16 reviews, 5 stars ,"Lovely food, lovely atmosphere without being rowdy and pleasant comfy decor. Service was quick and very friendly. I don't live locally, about 20 minutes drive away, but it's worth the travel."
roy davies,Local Guide,"Friday, April 01, 2022 12:34:18",17 reviews, 5 stars ,"Superb experience here. A lovely young lass working tonight serving us on tables 7,8,9 &10. I hope you see this cos your a bloody diamond. Thankyou so much for all your help, and indeed your colleagues.  🙏"
Jade Foster,Local Guide,"Friday, April 01, 2022 12:34:18",  34 reviews, 4 stars ,Classic layout with toilet upstairs and lots of varies seating options. Food fast and well made and staff friendly. Regularly go for a quick meal out or catch up with friends.
James Dean,Local Guide,"Tuesday, May 24, 2022 09:32:24",  41 reviews, 3 stars ,"Ordered gourmet sirloin steak RARE, came well done, sent it back twice, ended up settling for a steak Medium Rare. Also ordered Scampi and chips with garden peas, peas were cold, as was the peas on my steak dish. Usually the food is quite …"
J Robertson,Local Guide,"Thursday, September 30, 2021 09:40:00",75 reviews, 1 star ,"I just ordered the special, 10 oz rump steak, tomato, chips, mushrooms and peas £7.99. Requested medium rare but when it came it was raw with blood coming from it, gristle through it and inedible. I ate the dry chips 1½ thin slivers of mushroom, ½ a little tomato and dried up peas, it is one of the worst meals I have encountered."
kev Leaves,Local Guide,"Saturday, October 30, 2021 08:09:03",  198 reviews, 5 stars ,Always a great place to grab a breakfast when you've just travelled 4 hours.
Jay,Local Guide,"Tuesday, November 30, 2021 06:38:06",64 reviews, 3 stars ,been here a few times and the breakfast has been very good. this time they had ran out of beans the toast was rock hard and the bacon was very dry. got an extra hash brown but they were dry as well. had to get a pepsi to wash it down with.
Ashley de Mug,Local Guide,"Thursday, September 30, 2021 09:40:00",  55 reviews, 5 stars ,Good food..my anxiety dog now allowed in weatherspoons so very happy about that.
Elena Kay,Local Guide,"Friday, April 01, 2022 12:34:18",8 reviews, 2 stars ,Standard spoons but the chicken burger tasted off. Staff are good. Wouldn't recommend the food but drinks are okay.
Glenn Mead,Local Guide,"Tuesday, March 01, 2022 02:05:15",  138 reviews, 4 stars ,"Usual Wethersppons fare, good ale selection,keenly priced and warm friendly atmosphere.  Just a hike to the toilets, grappling hooks and oxygen needed unless your a professional athlete"
James Fisher,Local Guide,"Tuesday, March 01, 2022 02:05:15",10 reviews, 4 stars ,Sa usual the lager was spot on and five bean chilly superb + the price was right
Chris di Mambro,Local Guide,"Friday, April 01, 2022 12:34:18",25 reviews, 5 stars ,Brilliant staff' care do enough for you' oh yeah beer and food not bad either ' ha...
fifi hull,Local Guide,"Sunday, May 01, 2022 11:03:21",2 reviews, 4 stars ,Smaller  venue to most wetherspoon pubs so some things were not available. However food was good and served quickly
June Robinson,Local Guide,"Sunday, May 01, 2022 11:03:21",14 reviews, 2 stars ,"Very small meals,more like a childs.Lots of drunk men,very loud,awful."
Abi McKinney,Local Guide,"Tuesday, March 01, 2022 02:05:15",  67 reviews, 4 stars ,Wetherspoons...£2:30 for a large glass of wine! But they ran out of chicken..to be fair it was after a Stanley home game...Nice clean loos.
scott wilkinson,Local Guide,"Thursday, December 30, 2021 05:07:09",3 reviews, 1 star ,Nothing wrong with the foos but i believe your waiting staff should present them selvss cleaner than they do rhe male who served us stinking of body odour was puttinv me off the tasty breakfast i purchased
James Dean,Local Guide,"Thursday, September 30, 2021 09:40:00",  33 reviews, 3 stars ,Friendly staff and good food at a reasonable price...
Daniel Slinger,Local Guide,"Friday, April 01, 2022 12:34:18",17 reviews, 3 stars ,"It's a spoons, what do you expect. Breakfast was still disappointing tho. If the pig still had feet, it would have trotted off my plate."
Steven Keyworth,Local Guide,"Tuesday, November 30, 2021 06:38:06",18 reviews, 4 stars ,Only thing let it down was dribking out of plastic cartons. Suspect because it was match day but been  to many other pubs match days.still serving in glass . Only had one and left due to this Beer from a plastic container never tastes same
Daniel Ashworth,Local Guide,"Sunday, May 01, 2022 11:03:21",  12 reviews, 5 stars ,Never had a bad meal and good speedy service.
alan watson,Local Guide,"Friday, April 01, 2022 12:34:18",20 reviews, 5 stars ,Calling regularly for Breakfast great 👍 place always welcoming 🙏 great food 😋
Sue Abbott,Local Guide,"Tuesday, March 01, 2022 02:05:15",  20 reviews, 4 stars ,"Being a Wetherspoons, you should know what to expect. It's a popular place in the area with decent enough food."
4wding and Camping Western Australia,Local Guide,"Sunday, May 31, 2020 09:54:52",  539 reviews, 5 stars ,"We have visited this pub a couple times while over from Australia. Everytime the staff have been brilliant, the food and drinks are well priced and good value"
Catherine Buckel,Local Guide,"Sunday, January 30, 2022 03:36:12",  24 reviews, 5 stars ,"Pretty calm atmosphere, food is great. Staff are fantastic."
Paul Devivo,Local Guide,"Thursday, May 31, 2018 10:17:20",737 reviews, 5 stars ,"Friendly and right comfortable. Good quick friendly service.
Enjoyed a few hours here, good food, great prices. Glad I found it, not far from the railway station. Would definitely go back."
Angela Livingstone,Local Guide,"Thursday, December 30, 2021 05:07:09",7 reviews, 5 stars ,"The staff are super friendly, drinks are well made and value for money."
Sonia Dowling,Local Guide,"Tuesday, March 01, 2022 02:05:15",18 reviews, 5 stars ,"Always clean  ,great food very lovely friendly staff ,"
David Hilton,Local Guide,"Sunday, January 30, 2022 03:36:12",  259 reviews, 1 star ,"just fancied the Apple Cumble today and the ice cream, what a very sorry state it was, remind me never to go into that Weatherspoons  in Accrington  again, and order the same thing again, I will remember  dont worry, very small portion, the …"
Mrs Bear's Travels,Local Guide,"Saturday, June 01, 2019 04:06:06",  11 reviews, 5 stars ,"One of the better Wetherspoon pubs we've visited.

Good staff, good beer and great company. …"
Tracy McCurdy,Local Guide,"Thursday, December 30, 2021 05:07:09",408 reviews, 5 stars ,The commercial is a beautiful pub we had two lovely drinks we will call again
Clair Coupe,Local Guide,"Tuesday, March 01, 2022 02:05:15",  14 reviews, 3 stars ,"Lovely food, niece loves coming for a breakfast as a treat"
Jodi Clements,Local Guide,"Thursday, December 30, 2021 05:07:09",8 reviews, 1 star ,"Shocking food this eve. Really disappointed.

Not been in for a year and won't rush back I'm afraid"
Lucy Nevinson,Local Guide,"Saturday, October 30, 2021 08:09:03",6 reviews, 4 stars ,"Very good customer service,food was hot and tasty alot of options and price is very reasonable,thank you weatherspoons👍"
gray bags,Local Guide,"Sunday, January 30, 2022 03:36:12",  215 reviews, 4 stars ,Friendly staff great ale good food
Roger Hilton,Local Guide,"Monday, August 30, 2021 11:10:57",  16 reviews, 5 stars ,"Friendly staff and adequate sanitising measures in place. I called in for breakfast and wasn't disappointed, decent quality food and free refills on hot drinks. Winner 😁"
Linden Cronshaw,Local Guide,"Saturday, July 31, 2021 12:41:54",2 reviews, 5 stars ,"I enjoyed my first visit enjoyed my breakfast.
Will be glad when you can just walk in and sit at a table without someone filling bloody forms in.
Linden."
Kerry-Ann Hayden,Local Guide,"Monday, May 31, 2021 03:43:38",  27 reviews, 5 stars ,"Clean and tidy, quick service and good food. Friendly helpful staff."
Paul Slinn,Local Guide,"Saturday, June 01, 2019 04:06:06",  92 reviews, 4 stars ,It's a really nice place to go for a cheap meal and a pint. Usually busy but service is very good.
Darren Hawke,Local Guide,"Sunday, January 30, 2022 03:36:12",  37 reviews, 5 stars ,Brilliant pub and staff long live witherspoons.
Jonathan Robinson,Local Guide,"Thursday, May 31, 2018 10:17:20",  6 reviews, 4 stars ,"The food is at a good standard, some dishes are fantastic especially for pub food. The offers they have make for a good quick bite whilst you're out shopping. The ale selection is usually good too. Only issue some may have is that it's almost always busy here."
James Cunningham,Local Guide,"Saturday, October 30, 2021 08:09:03",  26 reviews, 3 stars ,not too bad..brekkie a bit warmed up...nice pint of heineken though
Theresa Baldwin,Local Guide,"Saturday, June 01, 2019 04:06:06",  29 reviews, 5 stars ,"Considering how busy it was, the service was excellent. My steak was a little chewy but you get that everywhere for this type of pub i'm afraid but overall the food was really good. The deserts were lovely but a little on the small side. …"
Christopher Adam Wolstencroft,Local Guide,"Saturday, July 31, 2021 12:41:54",  15 reviews, 4 stars ,Quick table service. Loud regulars being quite loutish. Doesn't affect my rating though! Staff were good.
Tommo Thompson,Local Guide,"Tuesday, May 10, 2022 09:32:24",  60 reviews, 5 stars ,Fast food almost as fast as MacDonald  s and cheap . What more do you want . Very popular venue for a get together . Any type of coffee for £1.20 can't beat it .
Gary Dunn,Local Guide,"Thursday, May 31, 2018 10:17:20",  189 reviews, 3 stars ,Nice enough `spoons.  One of the smallest I`ve been in. Good beer selection.
gasinstaller allgasinstaller,Local Guide,"Monday, May 31, 2021 03:43:38",  51 reviews, 4 stars ,"Fast service and covid rules obeyed!
Nice place to relax.
A*****"
Chelsea Shuttleworth,Local Guide,"Saturday, June 01, 2019 04:06:06",  64 reviews, 5 stars ,Been a few times now. Food is always great and portion sizes are perfect. Cheap too. …
Tracy Barnes,Local Guide,"Monday, May 31, 2021 03:43:38",18 reviews, 1 star ,"We used to love this place before the lockdown and we went back for the first time yesterday and obviously we had to sit outside it was freezing there where no heaters ect, most of what we wanted to order was unavailable so we orderdered …"
Veronika Hypalova,Local Guide,"Sunday, January 30, 2022 03:36:12",6 reviews, 5 stars ,"Beautiful dinner, lovely place xx"
Miranda Entwistle,Local Guide,"Monday, May 31, 2021 03:43:38",  50 reviews, 4 stars ,"Good value for the money, staff are very cheerfully and helpful"
Jean Connolly,Local Guide,"Monday, May 31, 2021 03:43:38",53 reviews, 5 stars ,Good friendly atmosphere and fair prices
Chris halton,Local Guide,"Monday, May 31, 2021 03:43:38",15 reviews, 5 stars ,"Spot on with service.
Food as good as ever well done.
Everything  regarding  CV , done as it should be to keep everyone  safe 10/10.."
Corvanian,Local Guide,"Thursday, September 30, 2021 09:40:00",4 reviews, 5 stars ,Food was good and really liked the deal they had for refillable hot drinks.
Leanne Barnes,Local Guide,"Monday, August 30, 2021 11:10:57",6 reviews, 5 stars ,"Great value, fast service at lunch time. Not as good for the breakfast unfortunately"
Martina Geldard,Local Guide,"Saturday, June 01, 2019 04:06:06",  31 reviews, 4 stars ,"Great place for affordable food. The 3 for £10 starters are great value, especially the garlic bread. The app is great until it comes to free drink deals when it becomes hard work. The only thing that puts me off is that it looks very run …"
Rachel Armitage,Local Guide,"Sunday, May 31, 2020 09:54:52",  15 reviews, 5 stars ,"We always seem to end up choosing the busiest times to turn up here, but it's not long before we can grab a table and the service is very fast. The staff seem happy to be there and are always friendly. Good food and great prices - what's not to like?!"
andrew shepherd,Local Guide,"Thursday, September 30, 2021 09:40:00",70 reviews, 5 stars ,"Had a all day brunch, it was delicious, three of us are for £20 can't beat it."
B Y,Local Guide,"Sunday, May 31, 2020 09:54:52",  259 reviews, 4 stars ,Pleasant and tidy. Nice spacious outside beer garden. Toilets upstairs. .. not my preference hard work after a few jars.  Maintained to a decent standerd. There is a  Ground floor disabled toilet. Prices average. Staff friendly
Pauline Wearden,Local Guide,"Thursday, September 30, 2021 09:40:00",11 reviews, 5 stars ,"First time in there since before Lockdown. Quick and friendly service  I had Tikka Masala , absolutely delicious 😋"
RedMafia,Local Guide,"Monday, May 31, 2021 03:43:38",16 reviews, 4 stars ,"Amazing atmosphere, really polite staff and quick service :)"
bran hatzer,Local Guide,"Thursday, December 30, 2021 05:07:09",  368 reviews, 4 stars ,Typical wetherspoons.  Good clean good variety of food and alcohol
doreen cunliffe,Local Guide,"Thursday, July 01, 2021 02:12:51",25 reviews, 2 stars ,Husband had chicken burger and it was tasteless my chicken was ok because I had barbecue ribs as well so mine wasnt as dry
Alison Binner,Local Guide,"Monday, May 31, 2021 03:43:38",  27 reviews, 3 stars ,Fast service but food was cold. Little disappointing
Steven Rice,Local Guide,"Saturday, July 31, 2021 12:41:54",9 reviews, 5 stars ,"Can't fault this place at all, great food, great beer, great staff and great price! Keep up the good work 👍"
retired_of_yorkshire,Local Guide,"Sunday, May 31, 2020 09:54:52","  1,323 reviews", 4 stars ,"Some great ales on and very helpful staff. Breakfast was very good value
as always. Getting a bit tired in places though."
Peter Hall,Local Guide,"Sunday, May 31, 2020 09:54:52",5 reviews, 5 stars ,Been twice decent food for the price service quick =)
Dan Wilson,Local Guide,"Saturday, June 01, 2019 04:06:06",7 reviews, 4 stars ,The problem I found was children being in there . The food is decent for the price. The bar  area could be bigger and service could be better and this was on a Thursday afternoon and it was packed. There is a smoking area out  back which is …
Amanda Mills,Local Guide,"Saturday, July 31, 2021 12:41:54",9 reviews, 2 stars ,Food is very basic. Fills a gap. Probably one of the worse wetherspoons I've eaten in. There's certainly better than this.
kinetic747,Local Guide,"Monday, August 30, 2021 11:10:57",  72 reviews, 5 stars ,"Great value and a very large fish with my chips. Quick, friendly service."
Brenda Cook,Local Guide,"Thursday, December 30, 2021 05:07:09",46 reviews, 5 stars ,Staff give good service. Very attentive
Paula Read,Local Guide,"Monday, May 31, 2021 03:43:38",5 reviews, 5 stars ,Sunday lunch was truly amazing im in a food coma now and loving it x
Andi O,Local Guide,"Thursday, September 30, 2021 09:40:00",34 reviews, 5 stars ,"Staff were great when there were covid restrictions, really helpful. Food is good."
Derek Whitham,Local Guide,"Wednesday, May 31, 2017 04:28:34",4 reviews, 4 stars ,"Usually busy with friendly people of all ages (groups, families, couples and individuals like me), enjoying reasonably priced food and drink, and friendly conversation all day long. …"
Time Teller,Local Guide,"Thursday, May 31, 2018 10:17:20",  43 reviews, 4 stars ,"I thought the interior of this pub was beautiful, old classics are always a winner in my books. Hardworking and polite staff are always a bonus and the majority were a delight to encounter....cept one. I forget her name but I believe by her …"
Paul Robinson,Local Guide,"Saturday, June 01, 2019 04:06:06",  21 reviews, 3 stars ,"Would be 4 * The drive thru burger was good, but the lasagna my partner had wasn't, she only ordered it as her usual choice was sold out, it was quite dry as of it had been waiting under a heat lamp for the rest of the food. The order was placed with app little wait for table delivery"
Marvin McVicker,Local Guide,"Monday, August 30, 2021 11:10:57",45 reviews, 4 stars ,Enjoyed my evening here Nice atmosphere and good food Shame no fish&chips!!!
Martin Hollands,Local Guide,"Thursday, July 01, 2021 02:12:51",125 reviews, 4 stars ,Hard work table service but the young lad who served us was very good and beer and food arrived quickly
Gordon Watson,Local Guide,"Sunday, May 31, 2020 09:54:52",28 reviews, 4 stars ,Pleasant warm surroundings. Never had a bad lager of various selections tried. Quality and price great value.
Angie O,Local Guide,"Friday, April 01, 2022 12:34:18",  114 reviews, 5 stars ,Awesome breakfast! 10/10
Martin Quinn,Local Guide,"Wednesday, May 31, 2017 04:28:34",13 reviews, 3 stars ,This place used to be pretty good but in my opinion I feel its going downhill a tad. The seating around the bar area is wrecked and dropping to bits (and an accident just waiting to happen) Nine times out of ten you have to clear the table …
Mark Singleton,Local Guide,"Sunday, May 31, 2020 09:54:52",  65 reviews, 5 stars ,Busy when we arrived but were served quickly and our food order arrived within 10 minutes 👍
Mark Askew,Local Guide,"Saturday, June 01, 2019 04:06:06",1 review, 4 stars ,Very reasonable prices with good service attention from bar and meals staff.
David Houghton,Local Guide,"Thursday, May 31, 2018 10:17:20",56 reviews, 4 stars ,"Busy town centre pub giving great service. Despite being very busy staff managed to cope well. Queues at the ordering points dealt with efficiency and food (curry night) arrived shortly afterwards. Good friendly staff, always a good experience here."
michael smith,Local Guide,"Saturday, June 01, 2019 04:06:06",28 reviews, 4 stars ,"Typical Weatherspoons, busy. Only had coffee while my car had MoT but as you can have as many refills as you can manage it was inexpensive. People on next table had all day breakfast which looked very tasty."
Scott Smith,Local Guide,"Sunday, January 30, 2022 03:36:12",  23 reviews, 5 stars ,Cheap and cheerful can't really go wrong
Graeme Mctavish,Local Guide,"Sunday, May 31, 2020 09:54:52",77 reviews, 5 stars ,I love  this  place sells great  food  and  drink
Bryan Southward,Local Guide,"Thursday, May 31, 2018 10:17:20",44 reviews, 4 stars ,"Delicious breakfast and, like the rest of the menu, excellent value for money. The staff are very helpful and provide a fast, efficient service. The restaurant is always very busy and that is a good indication of quality and value."
Dominic Tattersall,Local Guide,"Thursday, May 31, 2018 10:17:20",  115 reviews, 5 stars ,"We very much enjoyed a pint and a good Thursday evening curry club, we used the app to order from the table, all went well with very quick service at a very reasonable price. We ate inside, but this Wetherspoons has an outside area where you can sit and or eat as well, a definite recommend."
Ruan Koekemoer,Local Guide,"Friday, April 01, 2022 12:34:18",1 review, 4 stars ,Was good but abit crowded.
John Knight,Local Guide,"Monday, August 30, 2021 11:10:57",  34 reviews, 5 stars ,Very nice place for a bit to eat and a pint. Friendly staff.
Eddie Twist,Local Guide,"Saturday, June 01, 2019 04:06:06",27 reviews, 4 stars ,"Inexpensive and quick dining and pretty darn tasty too! Rest rooms clean and modern looking,although up a couple of flight of stairs( I'm sure they must have disabled toilets on ground floor?)."
Lydia Chatterton,Local Guide,"Sunday, May 31, 2020 09:54:52",  35 reviews, 1 star ,I've never actually successfully been because every time I turn up there are 0 places to sit. Even on a monday afternoon absolutely packed I literally don't understand it. I'll get in there one day before I die of old age
Jack Cunningham,Local Guide,"Thursday, May 31, 2018 10:17:20",14 reviews, 3 stars ,"A rich, atmospheric restaurant to come for a bite or two. Nice selection of ales, as one would expect from a Wetherspoons establishment. However, the food there, at times, has been meagre and distasteful. There are no variables to this …"
Ann Dwyer,Local Guide,"Saturday, June 01, 2019 04:06:06",  273 reviews, 5 stars ,"Very friendly staff and they nearly always remember what your order is!! The service is spot on, we did the order on line, it was brill."
Cami Rice,Local Guide,"Sunday, May 31, 2020 09:54:52",23 reviews, 5 stars ,The main meals can be a bit hit and miss and it's hard to get a seat sometimes but the pizza is excellent. The best thing about the place is the breakfast and I've never heard a bad thing said about them but you could say that about any pub in the chain. The prices for the breakfasts are exceptional too.
David Newman,Local Guide,"Friday, April 01, 2022 12:34:18",  54 reviews, 5 stars ,Had a curry which was very good
Georgia Wood,Local Guide,"Saturday, June 01, 2019 04:06:06",  76 reviews, 4 stars ,"Very busy, food good, charged for large wine without being asked"
paul ellison,Local Guide,"Saturday, October 30, 2021 08:09:03",6 reviews, 2 stars ,Half of the menu not being served and food was not very good.
Aidan Schofield,Local Guide,"Saturday, June 01, 2019 04:06:06",2 reviews, 4 stars ,The food is usaly good but some time's its rubbish.
Eleisha Harrison,Local Guide,"Saturday, June 01, 2019 04:06:06",  188 reviews, 3 stars ,Good location and price. Food reasonable
amber lowe,Local Guide,"Monday, May 31, 2021 03:43:38",  44 reviews, 2 stars ,Took them 25minutes to greet us at the door despite numerous members of staff noticing us.
Laura Henderson,Local Guide,"Saturday, June 01, 2019 04:06:06",2 reviews, 2 stars ,"All available tables a mess hadn't been cleared, had to sit at a table that had not been wiped and had drink all over it. Very under staffed, boyfriend's food was disgusting and the ribs were pink in the middle. A couple next to us were …"
Sandra Hayhurst,Local Guide,"Sunday, May 31, 2020 09:54:52",  51 reviews, 1 star ,Reasonable prices. Comfortable seating. Quick service.
Patricia Hannon,Local Guide,"Sunday, May 31, 2020 09:54:52",1 review, 5 stars ,Great food and pleasant staff
Adam Bowers (Adboz),Local Guide,"Sunday, May 01, 2022 11:03:21",7 reviews, 4 stars ,Took a bit of time to get a drink
Robert Parkes,Local Guide,"Friday, April 01, 2022 12:34:18",23 reviews, 5 stars ,Excellent service as usual thanks
Michael Westcott,Local Guide,"Sunday, May 31, 2020 09:54:52",40 reviews, 4 stars ,Nice food nice beer and cheap
Sarah Bayliss,Local Guide,"Wednesday, May 31, 2017 04:28:34",  27 reviews, 4 stars ,Good for the money can be very busy
Hayley Kelly,Local Guide,"Saturday, June 01, 2019 04:06:06",  29 reviews, 4 stars ,Went for a friend birthday there were a few of us it were curry night so all sorting out which one and what we were going to have to drink  .the staff were very helpful. They brought the drink to the table.
PAUL MARSDEN,Local Guide,"Thursday, July 01, 2021 02:12:51",119 reviews, 5 stars ,Sat down and a young lady came straight over and took my order. Great service.
Stephen Bulcock,Local Guide,"Saturday, June 01, 2019 04:06:06",  120 reviews, 4 stars ,Cheap decent value meals..Real ale excellent £2.09 a pint. Parking free across road. Wheelchair access
Joe Bell,Local Guide,"Sunday, May 31, 2020 09:54:52",  65 reviews, 4 stars ,"Very acceptable. Food was lovely. Staff were friendly, best wetherspoons ever."
PW GUTTER CLEANS,Local Guide,"Thursday, December 30, 2021 05:07:09",4 reviews, 4 stars ,Not bad for pub grub
Colin Hart,Local Guide,"Saturday, June 01, 2019 04:06:06",  116 reviews, 5 stars ,Good food good beer GOOD FAIR PRICES
Hev,Local Guide,"Sunday, May 31, 2020 09:54:52",  92 reviews, 4 stars ,Good value for money. Enjoyed the food. Table wasn't very clean but it was very busy on a Saturday so will return.
John Burton (TERMINATOR 0713),Local Guide,"Saturday, June 01, 2019 04:06:06",  8 reviews, 4 stars ,"Cheap and cheerful and often busy. Better with a booth seat. It's a bit annoying that people sometimes queue at the bar like a shop til rather than find a place on it, like normal bars."
Megan D,Local Guide,"Saturday, October 30, 2021 08:09:03",  112 reviews, 4 stars ,Great staff and tasty food 😋 thank you
Debbie Foskett,Local Guide,"Saturday, June 01, 2019 04:06:06",  111 reviews, 5 stars ,Where else could you get a coffee for just over a pound & have free refills. Here. Nice pub too.
Karen Ashcroft,Local Guide,"Thursday, December 30, 2021 05:07:09",29 reviews, 4 stars ,Coffee and Mocha unlimited - good quality
Christopher Dair,Local Guide,"Tuesday, November 30, 2021 06:38:06",2 reviews, 4 stars ,Great beer. Good breakfast.
Lee Sherrington,Local Guide,"Sunday, May 31, 2020 09:54:52",  116 reviews, 5 stars ,Its brilliant.  Lots of cheap priced beer.
Glen Harrison,Local Guide,"Thursday, May 31, 2018 10:17:20",1 review, 5 stars ,I have been to this establishment many times.It is a firm favourite with Local Councillors in Hyndburn.However my experience on the evening of Friday June 23rd compelled me to write this review.I am absolutely thrilled with the staff on …
Rhoda Edwards,Local Guide,"Wednesday, May 31, 2017 04:28:34",19 reviews, 3 stars ,"Food is fine, pub grub but fine, great selection of ciders, camra drinkers in regular for the cask ales, staff are friendly and fun, huge seating area out back, half covered too.
Good pub"
Doris Bruce,Local Guide,"Sunday, May 31, 2020 09:54:52",133 reviews, 5 stars ,Brilliant meals and drink as much tea and coffee after buying 1st 1
hughjampton3rd,Local Guide,"Monday, August 30, 2021 11:10:57",27 reviews, 5 stars ,Great beer's....
Michelle Clarkson,Local Guide,"Friday, April 01, 2022 12:34:18",28 reviews, 5 stars ,Loved it
Anthony Morris,Local Guide,"Monday, May 31, 2021 03:43:38",  20 reviews, 4 stars ,It's weather spoons. Up to usual standard. Good.
Ian D,Local Guide,"Monday, May 31, 2021 03:43:38",22 reviews, 2 stars ,"Wanabe Gestapo on the door, wont be going back"
Geoff Bowell,Local Guide,"Sunday, May 31, 2020 09:54:52",3 reviews, 5 stars ,"Pleasant Wetherspoons house. Good atmosphere, friendly staff, good choice of beers."
Ashley Canty,Local Guide,"Sunday, May 31, 2020 09:54:52",80 reviews, 5 stars ,Great breakfast at a great price. Fast service and nice atmosphere.
Stew,Local Guide,"Saturday, June 01, 2019 04:06:06",  87 reviews, 4 stars ,"Regular selections of good, well-priced ales. Foodwise, more or less, something for everybody."
Andrew Williams,Local Guide,"Wednesday, May 31, 2017 04:28:34",  150 reviews, 3 stars ,"Called in for breakfast at 10.30. Quite busy. Half the patrons were already drinking alcohol. Starting to look like the interior needs a refurb.
Breakfast was good"
Ian Entwistle,Local Guide,"Saturday, June 01, 2019 04:06:06",  113 reviews, 4 stars ,"Busy busy place, food was decent and good value, only downside of spoons being a boozer as well as a food place is the amount of swearing on nearby tables whilst eating an early tea with my kids"
Pawel,Local Guide,"Monday, May 31, 2021 03:43:38",  27 reviews, 4 stars ,"Good food and drinks, you can order using the application. Nice and helpful staff"
Benjamin Carpenter,Local Guide,"Thursday, May 31, 2018 10:17:20",  22 reviews, 4 stars ,Nice place to relax nice atmosphere pleasant staff I was over visiting a friend in Accrington having travelled from Halifax in West Yorkshire I will most definitely come here again to try the menu out when I come back to Accrington next …
ashley taylor,Local Guide,"Saturday, June 01, 2019 04:06:06",2 reviews, 2 stars ,The darker meat was soggy red and under cooked in the mixed grill today at 12:10. Hopefully just Xmas rush 😒. No attendent  at time so just left. Table 7
Ellen Baron,Local Guide,"Tuesday, May 17, 2022 09:32:24",4 reviews, 4 stars ,All ok
Janet Avery,Local Guide,"Saturday, June 01, 2019 04:06:06",  20 reviews, 5 stars ,Excellent breakfast. Good value for money.
Richard Nicholson,Local Guide,"Monday, May 31, 2021 03:43:38",  37 reviews, 4 stars ,It's spoons. There all the same. Still don't know why the toilets are always up Everest🤷‍♂️
gillian shaw,Local Guide,"Saturday, June 01, 2019 04:06:06",18 reviews, 3 stars ,Had the curry for lunch it was very nice..pity theyve stopped doing the vanilla frappe we all used to go in everyday to take one away and had lunch twice a week then but dont now they dont do the frappe
jeff Harris,Local Guide,"Sunday, May 31, 2020 09:54:52",  49 reviews, 5 stars ,"Great pub. Warm, friendly, good atmosphere, very clean,  good Witherspoon's food. Feels like a old time pub."
Lisa Harris,Local Guide,"Thursday, May 31, 2018 10:17:20",  147 reviews, 5 stars ,Good reasonably priced food.
Michael Boyes,Local Guide,"Wednesday, May 31, 2017 04:28:34",  59 reviews, 5 stars ,"Good pub, seats on different levels, large outside area. Close to town centre and market. Good selection of real ale's with house beer brewed by Dunscar Brewery."
Tracey Carne,Local Guide,"Saturday, June 01, 2019 04:06:06",14 reviews, 5 stars ,"Top quality place to eat and drink for everyone from couples to families, friendly helpful staff, good variety on the menu, quick and efficient service."
Mr Mc,Local Guide,"Saturday, October 30, 2021 08:09:03",  13 reviews, 4 stars ,Birthday meal at spoons with the kids good food and beer
Martin Richardson,Local Guide,"Sunday, May 31, 2020 09:54:52",25 reviews, 2 stars ,"Tonight the beer was more than rubbish very unusual,usually there's one good one out of the six.Pub friendly and warm."
James Mullen,Local Guide,"Sunday, May 31, 2020 09:54:52",  332 reviews, 4 stars ,Pleasant pub with very reasonably priced food and drink. Very quick service. Extensive menu.
Danny Burns,Local Guide,"Sunday, May 31, 2020 09:54:52",  76 reviews, 4 stars ,Lovely service from the staff. Unfortunately I was hounded by the local addicts at the door pestering for £1 £2 £3 to feed their habits 😳
Joey Cain,Local Guide,"Sunday, May 31, 2020 09:54:52",  71 reviews, 1 star ,"Not a fan, not my music style and always a lot of people kicking off. The landlord also screamed at me when someone fell into me and knocked my drink out of my hand. Wont be returning."
Susan Coo,Local Guide,"Saturday, July 31, 2021 12:41:54",16 reviews, 5 stars ,Very helpful and partitioning in place. Food good too
Debbie Wells,Local Guide,"Saturday, June 01, 2019 04:06:06",  30 reviews, 5 stars ,Friendly atmosphere and the food is lovely I had fish chips and mushy peas and it was all very nice the fish was out of this world tender flakes of fish in a light batter.
Richard Whittaker,Local Guide,"Thursday, July 01, 2021 02:12:51",1 review, 5 stars ,"Great breakfast reasonably priced.
Highly recommended"
Graham Southward,Local Guide,"Saturday, June 01, 2019 04:06:06",  79 reviews, 3 stars ,"As far as Wetherspoons goes this place is ok, although as with anywhere where there is cheap food and drink, it can attract some unsavoury characters.....!!"
Toni Smith,Local Guide,"Saturday, June 01, 2019 04:06:06",2 reviews, 1 star ,Staff messing about and the staff lack in manners I would recommend you retrain your staff.  And half of the time customers do not get served and I have coming here for more than five years and when I come in the tables are always dirty. …
Jason Pollard,Local Guide,"Saturday, July 31, 2021 12:41:54",111 reviews, 5 stars ,"Very good value,food and drink👍👍"
Anita Pollitt,Local Guide,"Monday, May 31, 2021 03:43:38",  27 reviews, 5 stars ,As always really good Witherspoons  but Accrington is spotless and quick service.
Paul Taylor,Local Guide,"Friday, April 01, 2022 12:34:18",20 reviews, 5 stars ,Nice food
Jake Hart,Local Guide,"Thursday, July 01, 2021 02:12:51",4 reviews, 4 stars ,"Good food, good service and they are patient with children"
William Nelson,Local Guide,"Tuesday, November 30, 2021 06:38:06",36 reviews, 5 stars ,Good place nice cheap drinks
Gordy Moore,Local Guide,"Saturday, June 01, 2019 04:06:06",11 reviews, 5 stars ,"Always busy, sometimes have to do a lap of town while waiting for a table. Food, service and staff always great"
ANN HUYTON,Local Guide,"Monday, May 31, 2021 03:43:38",12 reviews, 4 stars ,"Went because the 50% was still on the food ,and it cordoned off from other tables."
Emma Shearon,Local Guide,"Thursday, May 31, 2018 10:17:20",  9 reviews, 5 stars ,Eat here quite often never had a problem staff are helpful food is lovely and served quickly and very reasonably priced
Arriane Preston,Local Guide,"Saturday, June 01, 2019 04:06:06",  20 reviews, 5 stars ,"Food was great and it was a short wait for drinks and food, my son ate all of his lunch which is very rare!"
Kameal Celestee,Local Guide,"Saturday, June 01, 2019 04:06:06",  295 reviews, 4 stars ,"Good basic food at a very economical price point seems to be JD Wetherspoons speciality. Sunday is great because you can get a full roast dinner for a very decent price. I could imagine that as a pub, this place could be packed on a Saturday. This place functions as a pub if you just want drinks."
Melissa Armstrong,Local Guide,"Monday, May 31, 2021 03:43:38",4 reviews, 5 stars ,Food was lovely friendly service and cheap
Michelle Blackpanther,Local Guide,"Wednesday, May 31, 2017 04:28:34",  36 reviews, 5 stars ,First time here and i wasn't disappointed had the breakfast it was great. Staff very friendly will definitely be coming again.
ryan melling,Local Guide,"Saturday, June 01, 2019 04:06:06",  20 reviews, 5 stars ,Great beer selection and value food. Good outdoor space outside the back.
Christine Scholes,Local Guide,"Saturday, June 01, 2019 04:06:06",  85 reviews, 4 stars ,It was a Wetherspoons so always acceptable. This one not my favourite and the town is desperately run down. Perhaps the heart went out of the place when the Accrington Pals went over the top at the Somme.
frank dearnaley,Local Guide,"Saturday, June 01, 2019 04:06:06",4 reviews, 5 stars ,Very good food and the staff were very helpful and friendly recommendation you try it out
lewis haythornwhite,Local Guide,"Tuesday, November 30, 2021 06:38:06",20 reviews, 5 stars ,Great value on the meals.
Lorna Halliwell,Local Guide,"Monday, May 31, 2021 03:43:38",  136 reviews, 2 stars ,The peas where hard the steak was full of fat not good really
Simon Carter -Davis,Local Guide,"Thursday, May 31, 2018 10:17:20",  40 reviews, 5 stars ,Excellent Fish and chips served on Fridays at a very competitive price good size beer garden an overall enjoyable experience
Dr3wC4t,Local Guide,"Saturday, June 01, 2019 04:06:06",  12 reviews, 4 stars ,"Good cheap food and a good atmosphere, well staffed."
peter clegg,Local Guide,"Sunday, January 30, 2022 03:36:12",5 reviews, 5 stars ,Excellent service and facilities.
Simon Woods,Local Guide,"Saturday, June 01, 2019 04:06:06",  34 reviews, 5 stars ,"Used the app, drinks came within a minute and food in 10. Pleasant and very efficient service - food was also tasty and piping hot"
myra frohnapfel,Local Guide,"Saturday, June 01, 2019 04:06:06",  160 reviews, 5 stars ,"Wetherspoons brilliant for breakfast snacks and meals, coffee refills too.
Clean and comfortable, good service, inexpensive."
francis smith,Local Guide,"Sunday, January 30, 2022 03:36:12",  69 reviews, 4 stars ,Great pub
Nick Jones Corralejo,Local Guide,"Thursday, May 31, 2018 10:17:20",6 reviews, 5 stars ,Great hangover pub... all day breakfast!
David Thompson,Local Guide,"Thursday, December 30, 2021 05:07:09",219 reviews, 4 stars ,Good place for food and drink
Martyn Crook,Local Guide,"Sunday, May 31, 2020 09:54:52",3 reviews, 1 star ,Standard food flat beer and they no longer all dogs. Not be seeing me again.
neal “Tomo” thompson,Local Guide,"Sunday, May 31, 2020 09:54:52",  58 reviews, 3 stars ,Nice place clean and tidy
Rebecca O'keefe,Local Guide,"Thursday, May 31, 2018 10:17:20",10 reviews, 5 stars ,"Lovely pub, family friendly.  The food is good and staff professional. Good size and atmosphere."
Jim Loynd,Local Guide,"Thursday, September 30, 2021 09:40:00",62 reviews, 4 stars ,"Since moving to the area we have been in several times, yet to find fault."
Dean Hooper,Local Guide,"Saturday, October 30, 2021 08:09:03",  78 reviews, 4 stars ,Good food. Good beer
Yasmin Rossi,Local Guide,"Thursday, May 31, 2018 10:17:20",19 reviews, 4 stars ,"Food not bad , friendly staff and the place has a good atmosphere."
Finn Kempers (pirateFinn),Local Guide,"Wednesday, May 31, 2017 04:28:34",6 reviews, 5 stars ,Fantastic steak with a good alcohol selection.
Kathleen Pratt,Local Guide,"Thursday, May 31, 2018 10:17:20",3 reviews, 5 stars ,Always welcoming with good service and friendly and efficient waiters. Excellent value for money.
Daniel Pendergast,Local Guide,"Wednesday, May 31, 2017 04:28:34",  51 reviews, 5 stars ,"Brilliant place to eat, drink and enjoy yourself,  warm friendly staff and always a good atmosphere."
Nigel and Cath's Adventures,Local Guide,"Sunday, May 31, 2020 09:54:52",106 reviews, 5 stars ,Not had any food. Good beer and a nice atmosphere
Mark Whitemoss,Local Guide,"Thursday, May 31, 2018 10:17:20",  68 reviews, 4 stars ,"Not much else in Accrington, but Wetherspoons is realiable for food and drink. Not the best one but consistent. Open 8am - 11pm everyday."
James Baxendale,Local Guide,"Sunday, January 30, 2022 03:36:12",  28 reviews, 5 stars ,Brew dog ipa ... boss
Elaine Martin,Local Guide,"Saturday, June 01, 2019 04:06:06",10 reviews, 4 stars ,Been with my neices and nep for tea it was lovely xxx
Gary Bullock,Local Guide,"Saturday, June 01, 2019 04:06:06",11 reviews, 3 stars ,"Average food, but good value. It is what it is - wetherspoons."
tracey Davies,Local Guide,"Thursday, May 31, 2018 10:17:20",  21 reviews, 5 stars ,Friendly staff and atmosphere and good pub grub. Definitely will go back.
richard jackson,Local Guide,"Saturday, June 01, 2019 04:06:06",127 reviews, 5 stars ,Very civilised. Full of over 60s having lunch. We had curry which was excellent.
robin baylie,Local Guide,"Sunday, May 31, 2020 09:54:52",12 reviews, 5 stars ,Good place for food and drink. Staff friendly and helpful
Margaret Ward,Local Guide,"Saturday, June 01, 2019 04:06:06",6 reviews, 5 stars ,Good food and drinks are very reasonable - plus the app makes it very easy to order both.
Joe devitt,Local Guide,"Wednesday, May 31, 2017 04:28:34",  21 reviews, 5 stars ,"My local, excellent value, decent food and the drinks selection is one of the best in town."
Stephen Hopkins,Local Guide,"Saturday, June 01, 2019 04:06:06",152 reviews, 4 stars ,Good choice of beers and food.
Steven Dawson,Local Guide,"Saturday, June 01, 2019 04:06:06",  14 reviews, 4 stars ,"Food was good, my wife said the disabled toilet floor was full of liquid and did not smell of watee"
Chris Finnegan,Local Guide,"Saturday, June 01, 2019 04:06:06",3 reviews, 5 stars ,"Always busy what ever time I go, food is good and reasonably priced."
teresa bell,Local Guide,"Sunday, May 31, 2020 09:54:52",  69 reviews, 5 stars ,"Food was gorgeous, staff very helpful, very reasonably priced"
nigel Fossard,Local Guide,"Sunday, May 31, 2020 09:54:52",3 reviews, 4 stars ,great pub friendly staff and great beer garden always pop in for a drink when in accy
Benjamin Hargreaves,Local Guide,"Thursday, May 31, 2018 10:17:20",4 reviews, 4 stars ,"Best burger in Accrington, and at usual spoons prices. It is what it is...but around here it's outstanding."
Andy “Andy8621” Horne,Local Guide,"Sunday, May 01, 2022 11:03:21",  135 reviews, 5 stars ,Lovely breakfast
kim oconner,Local Guide,"Sunday, May 31, 2020 09:54:52",11 reviews, 5 stars ,Good food 😎 I really enjoyed my burger and chips
Dave Hebson,Local Guide,"Tuesday, May 31, 2016 10:39:48",  375 reviews, 3 stars ,"good beer , cheap average food , no parking"
stuart kay,Local Guide,"Wednesday, May 31, 2017 04:28:34",16 reviews, 3 stars ,"Good beer. Average food. Reasonable service.
Standard withys"
julie barnes,Local Guide,"Thursday, May 31, 2018 10:17:20",2 reviews, 5 stars ,"Good was excellent,  Lovely relaxing atmosphere and great value for money. Very enjoyable time was had."
Natalie Paul-Haworth,Local Guide,"Saturday, July 31, 2021 12:41:54",  20 reviews, 4 stars ,Basic pub grub but OK for price
P Teasdale,Local Guide,"Monday, August 30, 2021 11:10:57",  348 reviews, 4 stars ,All ways good drinks and food
Danny Baks,Local Guide,"Wednesday, May 31, 2017 04:28:34",  40 reviews, 5 stars ,"Regularly come here for breakfast. Keenly priced, better quality ingredients than most places for breakfast and fast and friendly service."
Jason Dicken,Local Guide,"Saturday, June 01, 2019 04:06:06",4 reviews, 5 stars ,"Good food and beer, well priced and pleasant enviroment"
stuart clegg,Local Guide,"Saturday, June 01, 2019 04:06:06",  72 reviews, 3 stars ,Busy but very short staffed. All available  tables needed clearing and a long wait at bar to be served
malcolm birtles,Local Guide,"Saturday, June 01, 2019 04:06:06",21 reviews, 3 stars ,Bar staff fine tables like a tip didn't bother with food
John Shaw,Local Guide,"Saturday, June 01, 2019 04:06:06",  26 reviews, 5 stars ,Best chicken wings. Broccoli and stilton soup and aoicky prawns in batter ever
Terry Baron,Local Guide,"Sunday, May 31, 2020 09:54:52",  120 reviews, 2 stars ,Food was luke warm. Bar staff very pleasant.
adrian hunt,Local Guide,"Wednesday, May 31, 2017 04:28:34",4 reviews, 1 star ,Nobody came to collect our plates after we finished our meals and the staff was saying sorry you can't have that we don't have that etc a complete joke that place full of piss heads and to say it's a family pub it's a joke!
Derek Whitham (DerekW),Local Guide,"Monday, June 01, 2015 04:51:02",1 review, 3 stars ,It is a reasonably priced pub and in keeping with the rest of the Wetherspoons chain. It is a very popular pub with all ages both for the       food and wide range of drinks available for the customers. It's busy throughout the day and …
King Dick,Local Guide,"Saturday, June 01, 2019 04:06:06",  22 reviews, 1 star ,"Went for breakfast a few days ago , ordered and paid on the app . Only to be told the fryers were broken . We were told we would be refunded and we haven't !!!!"
Tom Pickup,Local Guide,"Thursday, May 31, 2018 10:17:20",  52 reviews, 5 stars ,"good beer, reasonably priced and foods your standard weather spoons affair"
FH 78951,Local Guide,"Saturday, June 01, 2019 04:06:06",18 reviews, 5 stars ,"Fast service and the food was as good, if not better, than expected."
David Pinder,Local Guide,"Saturday, June 01, 2019 04:06:06",  12 reviews, 4 stars ,Food was  hot  and tasty
Tracy Mckernan,Local Guide,"Sunday, May 31, 2020 09:54:52",31 reviews, 5 stars ,"Good food and nice staff, best place to eat in accrington"
Alan Beevers,Local Guide,"Saturday, June 01, 2019 04:06:06",88 reviews, 5 stars ,"Excellent food, good beers and a beer garden well worth visiting"
Megan Tomlinson,Local Guide,"Saturday, July 31, 2021 12:41:54",4 reviews, 5 stars ,"Lovely, clean and local pub"
Elliot Morley,Local Guide,"Wednesday, May 31, 2017 04:28:34",  13 reviews, 5 stars ,"one of the best pubs in Accrington, good layout, amazing buffalo hotwings. good selection of ales."
william greenwood,Local Guide,"Monday, May 31, 2021 03:43:38",7 reviews, 5 stars ,"Great pub , manager very helpful ,cheap and cheerful"
Shirley Creedon,Local Guide,"Saturday, June 01, 2019 04:06:06",16 reviews, 3 stars ,Good value food and friendly staff.
tarron kinsella,Local Guide,"Thursday, May 31, 2018 10:17:20",  366 reviews, 4 stars ,"Friendly, great service, convenient location and a good selection of food and drink"
Ian Entwistle,Local Guide,"Saturday, June 01, 2019 04:06:06",  34 reviews, 4 stars ,"Food was nice, place very busy, good value"
paul lohnson,Local Guide,"Sunday, May 31, 2020 09:54:52",  231 reviews, 5 stars ,Lovely beer garden and Monday club. Guinness  for £2.25.
Rickman H,Local Guide,"Saturday, June 01, 2019 04:06:06",  46 reviews, 4 stars ,Good food nice Prices quick service.
Leanne Hacking,Local Guide,"Monday, May 31, 2021 03:43:38",  24 reviews, 5 stars ,Great food
Nick Goodwin,Local Guide,"Thursday, May 31, 2018 10:17:20",  15 reviews, 5 stars ,Good price freindly bar staff food always great
Kevin Blackhurst,Local Guide,"Sunday, May 31, 2020 09:54:52",91 reviews, 5 stars ,Bar staff really nice and what a nice place & the other spoons the same
Si Carvell,Local Guide,"Saturday, June 01, 2019 04:06:06",  235 reviews, 5 stars ,Can't fault the breakfast here.
Toni Smith,Local Guide,"Saturday, July 31, 2021 12:41:54",2 reviews, 1 star ,Manager's attitude stinks I would advise to have the airier manager have a word thanks !!!!!!!!!!!
Robert Denton,Local Guide,"Monday, May 31, 2021 03:43:38",  18 reviews, 5 stars ,Great staff service brilliant place to go very  friendly
Fred Heptonstall,Local Guide,"Thursday, May 31, 2018 10:17:20",66 reviews, 4 stars ,Food and Beer were excellent and very good value for money.
Elaine Walker,Local Guide,"Sunday, May 31, 2020 09:54:52",  36 reviews, 5 stars ,Excellent for any occasion for food parties and beer and spirit's
June Neil,Local Guide,"Thursday, May 31, 2018 10:17:20",4 reviews, 1 star ,"Every time I have had something to eat here they has always been something not right with it, not edible."
David Peacock,Local Guide,"Saturday, June 01, 2019 04:06:06",27 reviews, 4 stars ,Good choice of meals part of witherspoon company  very family orientated
Gillian Grantham,Local Guide,"Sunday, May 31, 2020 09:54:52",1 review, 1 star ,Awful food it was cold
Eric Pollard,Local Guide,"Thursday, May 31, 2018 10:17:20",1 review, 3 stars ,"New buns on the hot dogs are too tough, other than that nice food."
james mcatear,Local Guide,"Sunday, May 31, 2020 09:54:52",10 reviews, 5 stars ,Good beers and good food especially fish and chips
Stephen Atkins,Local Guide,"Thursday, May 31, 2018 10:17:20",  52 reviews, 3 stars ,Good cheap beer as all Weatherspoons..good starting off place
Dawn Hones,Local Guide,"Sunday, May 31, 2020 09:54:52",  16 reviews, 4 stars ,Fast service and friendly staff me and my friend go every week
kyle caulfield,Local Guide,"Sunday, May 31, 2020 09:54:52",  21 reviews, 1 star ,Food was poor cold chips still raw in the middle chicken had some slimy substance overall very poor
Robin Holmes,Local Guide,"Wednesday, May 31, 2017 04:28:34",  48 reviews, 5 stars ,Great value food and d ink friendly staff recommebded
Steven Bradshaw,Local Guide,"Wednesday, May 31, 2017 04:28:34",19 reviews, 2 stars ,Good beer but food below usual wetherspoon standard
Peter Cross,Local Guide,"Saturday, June 01, 2019 04:06:06",4 reviews, 5 stars ,Manager served me and was very civil.  He made my visit very enjoyable.
nick bond,Local Guide,"Sunday, May 31, 2020 09:54:52",  75 reviews, 5 stars ,They definitely know how to refurbish their Public Houses. Beautiful Building
Toni Oxton,Local Guide,"Thursday, May 31, 2018 10:17:20",  12 reviews, 3 stars ,"Foods so so, good service and friendly staff"
Linda Fenton,Local Guide,"Monday, May 31, 2021 03:43:38",  54 reviews, 4 stars ,Value for the money x
Matthew Green,Local Guide,"Wednesday, May 31, 2017 04:28:34",  39 reviews, 4 stars ,Great pub and good deals on food every day of week
David Lee,Local Guide,"Sunday, May 31, 2020 09:54:52",  125 reviews, 5 stars ,"Just what I needed, just great."
Affie Lyons,Local Guide,"Thursday, May 31, 2018 10:17:20",  279 reviews, 2 stars ,"Nice place, but the toilets let this place down. They were Discussing"
Dave Lane,Local Guide,"Monday, May 31, 2021 03:43:38",40 reviews, 4 stars ,Nice traditional setting 🍺
Marc Chadwick,Local Guide,"Saturday, June 01, 2019 04:06:06",1 review, 5 stars ,You You I m Text you copy will automatically show hereText you copy will automatically show hereText you copy will automatically show hereSlide clips to delete THEMEM
Sandra Lorente,Local Guide,"Saturday, June 01, 2019 04:06:06",  33 reviews, 4 stars ,Steak pud chips peas and gravy. Pud was full of tender meat
Peter L.Deegan,Local Guide,"Wednesday, May 31, 2017 04:28:34",  9 reviews, 5 stars ,Standard weatherspoon.  Can't be let down.  Plus nice beer garden and near to train station.
Patrick Gilheaney,Local Guide,"Sunday, May 31, 2020 09:54:52",4 reviews, 1 star ,it has an infestation of rats you can see them when you sit out the back of the place
Margaret Harris,Local Guide,"Saturday, June 01, 2019 04:06:06",7 reviews, 5 stars ,Really lovely food and fab drinks
Denise Wright,Local Guide,"Saturday, June 01, 2019 04:06:06",  22 reviews, 4 stars ,Very quick.  Easy to order.  Only downfall is cleanliness
Georgie Wilkins,Local Guide,"Thursday, May 31, 2018 10:17:20",  16 reviews, 3 stars ,Was OK could of done with a bit of a clean and staff to be more welcoming all to young to care
Daniel Royle,Local Guide,"Sunday, May 01, 2022 11:03:21",12 reviews, 5 stars ,Staff are very friendly nice place
antony wilkinson,Local Guide,"Thursday, May 31, 2018 10:17:20",14 reviews, 5 stars ,Just had a lovely breakfast after the election party of the night before just the job
Paul Molyneux,Local Guide,"Sunday, May 31, 2020 09:54:52",  20 reviews, 5 stars ,Great prices with good beer and food is good for the price
John Halstead,Local Guide,"Sunday, May 31, 2020 09:54:52",  50 reviews, 3 stars ,"It's a Weatherspoons and everyone knows what to expect, it could just do with a tidy up."
delicanut,Local Guide,"Sunday, May 01, 2022 11:03:21",  82 reviews, 5 stars ,Bang on
David Sanderson,Local Guide,"Sunday, May 31, 2020 09:54:52",50 reviews, 5 stars ,Beatifully maintained Wetherspon's pub in the heart of Accrington town centre.
josie hargreaves,Local Guide,"Tuesday, March 01, 2022 02:05:15",19 reviews, 3 stars ,It's a Wetherspoons!
Lawrence Hartley,Local Guide,"Thursday, May 31, 2018 10:17:20",  230 reviews, 4 stars ,Great food and drink at very reasonable cost
Andrea Mailbox,Local Guide,"Sunday, May 31, 2020 09:54:52",  60 reviews, 5 stars ,"Very good beers, warm location, good fish&chips"
Sean Walsh,Local Guide,"Saturday, June 01, 2019 04:06:06",  59 reviews, 5 stars ,"Had a lovely meal for 2,,and all for just over a TENNER,, lovely jubbly"
Corey Thompson,Local Guide,"Thursday, July 01, 2021 02:12:51",6 reviews, 5 stars ,Good good good beer what else matters
Phil Taylor,Local Guide,"Sunday, May 31, 2020 09:54:52",4 reviews, 5 stars ,Good Service. The place is kept so clean
Jill Jackson,Local Guide,"Thursday, May 31, 2018 10:17:20",  34 reviews, 5 stars ,Fab weatherspoons pub. Good grub and fast service as in all weatherspoons.
Kabir Hussain,Local Guide,"Sunday, May 31, 2020 09:54:52",  103 reviews, 5 stars ,Excellent food
Mel Whitehead,Local Guide,"Sunday, January 30, 2022 03:36:12",  25 reviews, 4 stars ,Cheap and cheerful.
Debbie Seery Pugh,Local Guide,"Saturday, June 01, 2019 04:06:06",14 reviews, 1 star ,"Food was just about warm, wont be going again."
kim myles,Local Guide,"Sunday, May 31, 2020 09:54:52",8 reviews, 5 stars ,The pizza's are excellent and lovely staff .
Amanda Hogg,Local Guide,"Sunday, May 31, 2020 09:54:52",  139 reviews, 4 stars ,"Classic Weatherspoons, good food great prices"
Robert Grady,Local Guide,"Thursday, May 31, 2018 10:17:20",1 review, 5 stars ,Top people .great price beer .loved it
Jeffrey Whittaker,Local Guide,"Thursday, May 31, 2018 10:17:20",  12 reviews, 2 stars ,The main problem I have with the commercial is that the DISABLED TOILETS ARE PERMANENTLY left open for the general public so that the DISABLED people using the pub have to struggle to the upstairs TOILETS
Andy Galeski,Local Guide,"Wednesday, May 31, 2017 04:28:34",  121 reviews, 5 stars ,"Great selection of all alcoholic drinks,  for a great price"
clmjohn,Local Guide,"Sunday, May 31, 2020 09:54:52",  67 reviews, 5 stars ,Cant fault the food get my lunch there regularly.
Paul Stanley,Local Guide,"Thursday, July 01, 2021 02:12:51",  58 reviews, 5 stars ,Excellent food and cask ales
John Daley,Local Guide,"Sunday, May 31, 2020 09:54:52",15 reviews, 4 stars ,good simple food at a good fair price
Glynn Daniel,Local Guide,"Sunday, May 31, 2020 09:54:52",10 reviews, 4 stars ,Beer and food decent some clientel awful
tina Mccullion,Local Guide,"Saturday, June 01, 2019 04:06:06",  10 reviews, 5 stars ,Great food great service. Go regular
Lee Atkins,Local Guide,"Thursday, May 31, 2018 10:17:20",  113 reviews, 3 stars ,Ok range of beers. Do food as well. Usually busy.
derek Cochrane,Local Guide,"Sunday, May 31, 2020 09:54:52",10 reviews, 5 stars ,Just what u expect from a spoons
Chris Honey,Local Guide,"Sunday, May 31, 2020 09:54:52",  146 reviews, 5 stars ,Interesting decor and information pictures. Good choice of beers
Anthony Sanderson,Local Guide,"Monday, May 31, 2021 03:43:38",  12 reviews, 4 stars ,Great service.
Mick Blackburn,Local Guide,"Friday, May 31, 2013 05:13:30",3 reviews, 3 stars ,During the day its like sitting in a cafe for pensioners
Diane Todd,Local Guide,"Sunday, May 31, 2020 09:54:52",4 reviews, 4 stars ,"Weatherspoon's. Cheap, good food & so convenient with the app to order food & drinks"
Melissa Michelle,Local Guide,"Saturday, June 01, 2019 04:06:06",  48 reviews, 5 stars ,Excellent value for money.  Very polite staff.
Graham Bettany,Local Guide,"Thursday, September 30, 2021 09:40:00",56 reviews, 4 stars ,Good service and great VFM
John Addison,Local Guide,"Thursday, May 31, 2018 10:17:20",  15 reviews, 3 stars ,I remember this place when it had a revolving door to enter and exit funny too see on a busy Friday night
British Pakistani,Local Guide,"Thursday, May 31, 2018 10:17:20",  105 reviews, 5 stars ,I love this place love the food so delicious 😋.
Ian King,Local Guide,"Sunday, May 31, 2020 09:54:52",  446 reviews, 4 stars ,One of the better wetherspoons. Lovely breakfast.
Courtney Kemble,Local Guide,"Sunday, May 31, 2020 09:54:52",  25 reviews, 5 stars ,Good food and nice staff
Peter Martin,Local Guide,"Saturday, June 01, 2019 04:06:06",  6 reviews, 5 stars ,Very cheap and friendly and great food
Michelle Wilkinson,Local Guide,"Thursday, July 01, 2021 02:12:51",  26 reviews, 5 stars ,Brilliant food and service
Ann Wilson,Local Guide,"Tuesday, March 01, 2022 02:05:15",22 reviews, 5 stars ,Great service
Larry Sagar,Local Guide,"Sunday, May 31, 2020 09:54:52",10 reviews, 5 stars ,Always enjoy spoons
Sean Finn,Local Guide,"Saturday, June 01, 2019 04:06:06",  27 reviews, 2 stars ,Fryer broken ! You can have chips but not pizza ?????????
Alan Fallows,Local Guide,"Saturday, June 01, 2019 04:06:06",  58 reviews, 5 stars ,Great pub. Always busy
David Coe,Local Guide,"Thursday, May 31, 2018 10:17:20",91 reviews, 5 stars ,"Love Wetherspoons. Excellent service, food and beer."
Keith Scholes,Local Guide,"Thursday, May 31, 2018 10:17:20",  43 reviews, 5 stars ,First Class Service Fantastic Food & Drink
Geoff Moody,Local Guide,"Saturday, June 01, 2019 04:06:06",  55 reviews, 5 stars ,Great away pub
Lee,Local Guide,"Sunday, May 31, 2020 09:54:52",6 reviews, 4 stars ,"Tidy pub, quick service and food hot."
Gillian Gordon,Local Guide,"Saturday, June 01, 2019 04:06:06",107 reviews, 4 stars ,. Busy pub out door area some of which is covered
Anthony Cooke,Local Guide,"Thursday, May 31, 2018 10:17:20",  188 reviews, 4 stars ,"Food is good for the price, the only issues are the local punter can be bit off putting"
Andy Davis,Local Guide,"Thursday, May 31, 2018 10:17:20",  109 reviews, 4 stars ,Good choice of ales and superb Thistly Cross cider
Catherine Pierce,Local Guide,"Thursday, May 31, 2018 10:17:20",  21 reviews, 3 stars ,"Typical Weatherspoon. Cheap food, scruffy venue full of piss heads and alchies."
colin lees,Local Guide,"Monday, June 01, 2015 04:51:02",9 reviews, 2 stars ,Horrible foods had an awful christmas dinner wouldn't go there again
Carol Dawson,Local Guide,"Saturday, June 01, 2019 04:06:06",  20 reviews, 4 stars ,"Homely, hot tasty food, family friendly."
Peter Irvine,Local Guide,"Sunday, May 31, 2020 09:54:52",11 reviews, 5 stars ,Great value for money.  Great service also
Michael Kay,Local Guide,"Thursday, May 31, 2018 10:17:20",  41 reviews, 5 stars ,Good food at a decent price!
Eliza Jewels,Local Guide,"Sunday, May 31, 2020 09:54:52",  40 reviews, 4 stars ,Cheap and cheerful within a friendly atmosphere
Melody Bamboo,Local Guide,"Thursday, May 31, 2018 10:17:20",9 reviews, 5 stars ,Really nice food quick service
barbara reeves,Local Guide,"Sunday, May 31, 2020 09:54:52",12 reviews, 5 stars ,Good breakfast
Ben Line,Local Guide,"Wednesday, May 31, 2017 04:28:34",  155 reviews, 3 stars ,Standard Wetherspoons with above average beer on offer.
David Coverley,Local Guide,"Thursday, May 31, 2018 10:17:20",  39 reviews, 5 stars ,EXCELLENT SERVICE AND THE FULL BREAKFAST ARE REALLY GOOD.
Keith Tempest,Local Guide,"Saturday, June 01, 2019 04:06:06",  61 reviews, 5 stars ,Great breakfast . Beats making your own
Rose Broadley,Local Guide,"Sunday, May 31, 2020 09:54:52",3 reviews, 5 stars ,Great service and food is excellent
sharon catterall,Local Guide,"Saturday, June 01, 2019 04:06:06",  23 reviews, 5 stars ,"friendly staff,fabulous food"
Maria Brookes,Local Guide,"Sunday, May 31, 2020 09:54:52",  89 reviews, 3 stars ,It ok food never very hot
Graham Turner,Local Guide,"Saturday, June 01, 2019 04:06:06",  110 reviews, 5 stars ,"Traditional Liverpool pub, great atmosphere."
Adam Coulthard,Local Guide,"Saturday, June 01, 2019 04:06:06",9 reviews, 4 stars ,Always good food for a weather spoons
Alan Dodd,Local Guide,"Thursday, December 30, 2021 05:07:09",6 reviews, 5 stars ,Good company
Flumoxed uk,Local Guide,"Thursday, May 31, 2018 10:17:20",  104 reviews, 5 stars ,"Food was good.
Service was good.
Coffee was good."
Theresa Robertson,Local Guide,"Monday, August 30, 2021 11:10:57",7 reviews, 5 stars ,Good food
wayne short,Local Guide,"Saturday, June 01, 2019 04:06:06",10 reviews, 1 star ,Boarding place too long to get served and time you get to the loo you have peed you self.
Keith Bailey,Local Guide,"Thursday, May 31, 2018 10:17:20",  5 reviews, 4 stars ,Like all the other J D W pubs with friendly staff!
Big axis,Local Guide,"Saturday, June 01, 2019 04:06:06",  38 reviews, 5 stars ,Lovely pub
Mick Walker,Local Guide,"Sunday, May 31, 2020 09:54:52",  127 reviews, 3 stars ,Good pint with yoyr free gumshield.
Adam Hunter,Local Guide,"Saturday, June 01, 2019 04:06:06",4 reviews, 1 star ,I just paid for microwave food and it was cold wow what a joke this place is
sakeena whittaker,Local Guide,"Sunday, May 31, 2020 09:54:52",  45 reviews, 5 stars ,Good food and good atmosphere
Julie Marchant,Local Guide,"Monday, May 31, 2021 03:43:38",  12 reviews, 5 stars ,Love this place staff all very friendly
Bert Kerks,Local Guide,"Wednesday, May 31, 2017 04:28:34",  460 reviews, 5 stars ,One of the better Spoons. Great Cask ales.
Dave May,Local Guide,"Sunday, May 31, 2020 09:54:52",  119 reviews, 4 stars ,Hit and miss sadly.
Thunder Strike,Local Guide,"Thursday, May 31, 2018 10:17:20",  39 reviews, 4 stars ,Spot 0n with  food and service would recommend
Caroline Parsons,Local Guide,"Sunday, May 31, 2020 09:54:52",1 review, 1 star ,Ran out of steaks on steak night by 7.30
Michael Collis,Local Guide,"Thursday, May 31, 2018 10:17:20",  34 reviews, 5 stars ,"It's a Spoons, not have bad spoons but still a spoons."
Diaz Cat,Local Guide,"Thursday, May 31, 2018 10:17:20",9 reviews, 4 stars ,Nice pub. Always busy.
scott hartley,Local Guide,"Sunday, May 31, 2020 09:54:52",8 reviews, 4 stars ,Same old spoons
Matthew Cobb,Local Guide,"Thursday, May 31, 2018 10:17:20",10 reviews, 5 stars ,Great food good service
christopher kitching,Local Guide,"Wednesday, May 31, 2017 04:28:34",  166 reviews, 4 stars ,Great food and always busy
Neil W,Local Guide,"Wednesday, May 31, 2017 04:28:34",  303 reviews, 4 stars ,"Pleasant staff, good meals."
David Taylor,Local Guide,"Saturday, June 01, 2019 04:06:06",19 reviews, 5 stars ,Very pleasant staff and quick service
pat shaw,Local Guide,"Sunday, May 31, 2020 09:54:52",4 reviews, 5 stars ,Good value
Gary Walkden,Local Guide,"Thursday, May 31, 2018 10:17:20",  95 reviews, 3 stars ,Busy place usual spoons fare could be more staff.
Peter mcnaught,Local Guide,"Thursday, May 31, 2018 10:17:20",  43 reviews, 4 stars ,Good value food and drinks
William Grundy,Local Guide,"Saturday, June 01, 2019 04:06:06",  109 reviews, 5 stars ,Excellent food and service
stewart gregory,Local Guide,"Monday, August 30, 2021 11:10:57",  20 reviews, 1 star ,No good
Neil Donohoe,Local Guide,"Sunday, May 31, 2020 09:54:52",  42 reviews, 5 stars ,"Nice beer, shame about the food."
Alan Greenwood,Local Guide,"Thursday, May 31, 2018 10:17:20",  175 reviews, 3 stars ,Very busy and tends to be short on staff at various times of the day
Steven Dawson,Local Guide,"Thursday, May 31, 2018 10:17:20",4 reviews, 5 stars ,Food is always good here
Vincent Giordano,Local Guide,"Saturday, June 01, 2019 04:06:06",8 reviews, 5 stars ,Great value
Carol Crook,Local Guide,"Thursday, May 31, 2018 10:17:20",  95 reviews, 5 stars ,Nice staff..cheap as chips
vincent Giordano,Local Guide,"Sunday, May 31, 2020 09:54:52",24 reviews, 5 stars ,A nice place for food and drinks
Craig Rawlinson,Local Guide,"Saturday, June 01, 2019 04:06:06",  116 reviews, 3 stars ,The quality of the breakfast has gone down recently.
terry jones,Local Guide,"Wednesday, May 31, 2017 04:28:34",13 reviews, 5 stars ,Great breakfast just what I needed
katieann furey,Local Guide,"Saturday, June 01, 2019 04:06:06",21 reviews, 3 stars ,Nice food at a nice price
debbie cleary,Local Guide,"Saturday, June 01, 2019 04:06:06",  9 reviews, 2 stars ,Under cooked steak food cold
Charles Adolph,Local Guide,"Saturday, June 01, 2019 04:06:06",  87 reviews, 5 stars ,It's a JDW. What else do you need to know.
Joanne Duggan,Local Guide,"Thursday, May 31, 2018 10:17:20",  22 reviews, 5 stars ,Very nice very quick service and cheap
David Lee,Local Guide,"Sunday, May 31, 2020 09:54:52",  240 reviews, 5 stars ,Great as are all of the public house.
Paul “Pablo”,Local Guide,"Saturday, June 01, 2019 04:06:06",  86 reviews, 4 stars ,Good guest beers and ales
Gary Gorton,Local Guide,"Thursday, September 30, 2021 09:40:00",110 reviews, 5 stars ,Loved it
Paul Walker,Local Guide,"Wednesday, May 31, 2017 04:28:34",  31 reviews, 4 stars ,Cheap with good choice of drinks.
Lisa Stevens,Local Guide,"Sunday, May 31, 2020 09:54:52",  94 reviews, 5 stars ,Lovely reasonable food
Gil Hoyle,Local Guide,"Thursday, May 31, 2018 10:17:20",1 review, 5 stars ,Good valve for money would recommend
Conrad Hodkinson,Local Guide,"Thursday, May 31, 2018 10:17:20",  29 reviews, 5 stars ,Great place to meet up.
John Pinder,Local Guide,"Thursday, May 31, 2018 10:17:20",5 reviews, 4 stars ,Hmm takeaway breakfast 9/10
Petrina Grant,Local Guide,"Sunday, May 31, 2020 09:54:52",17 reviews, 3 stars ,No draught beer at the time
Rob Haworth,Local Guide,"Saturday, June 01, 2019 04:06:06",16 reviews, 3 stars ,It's a wetherspoons needs must hit and miss
Linda Payne,Local Guide,"Saturday, June 01, 2019 04:06:06",174 reviews, 5 stars ,Great breakfast at Wetherspoons Accrington
John Procter,Local Guide,"Saturday, June 01, 2019 04:06:06",  78 reviews, 5 stars ,"Prompt service, enjoyed meal"
Nigel Rock,Local Guide,"Thursday, May 31, 2018 10:17:20",19 reviews, 5 stars ,Great breakfast I had
ANTO,Local Guide,"Wednesday, May 31, 2017 04:28:34",  30 reviews, 5 stars ,Great pub great food
James Howell,Local Guide,"Thursday, May 31, 2018 10:17:20",  36 reviews, 3 stars ,Good cheap food and beer
Philip Drew,Local Guide,"Sunday, May 31, 2020 09:54:52",10 reviews, 5 stars ,One of the best pubs in Accrington
William Thompson,Local Guide,"Thursday, May 31, 2018 10:17:20",11 reviews, 2 stars ,Wine good food rubbish
Liam.J Porter,Local Guide,"Monday, May 31, 2021 03:43:38",8 reviews, 4 stars ,Good food
Cathy Crossley,Local Guide,"Sunday, May 31, 2020 09:54:52",3 reviews, 5 stars ,Had a good breakfast
ben williamson,Local Guide,"Sunday, May 31, 2020 09:54:52",  239 reviews, 5 stars ,Grate beer
Sean Larner,Local Guide,"Saturday, June 01, 2019 04:06:06",14 reviews, 5 stars ,Nice place quick food
Sandra Hacking,Local Guide,"Saturday, June 01, 2019 04:06:06",6 reviews, 5 stars ,Fabulous company and lovely gins
Carl Nuttall,Local Guide,"Sunday, May 31, 2020 09:54:52",1 review, 5 stars ,Brilliant thanks great service
Liam Hooton,Local Guide,"Saturday, June 01, 2019 04:06:06",14 reviews, 5 stars ,Fast service. Tasty food
William Calvert,Local Guide,"Thursday, May 31, 2018 10:17:20",  115 reviews, 4 stars ,What can you say it's Weatherspoons.
Vincent Wells,Local Guide,"Monday, May 31, 2021 03:43:38",  360 reviews, 2 stars ,Could do with a complete update.
steve johnson,Local Guide,"Saturday, June 01, 2019 04:06:06",16 reviews, 4 stars ,Lovely welcoming pub
Sammi Gray,Local Guide,"Monday, August 30, 2021 11:10:57",7 reviews, 5 stars ,Fantastic food
Terry Kane,Local Guide,"Sunday, May 31, 2020 09:54:52",16 reviews, 5 stars ,Another very relaxing place
Melanie Norcliffe,Local Guide,"Saturday, June 01, 2019 04:06:06",  48 reviews, 5 stars ,Nice local pub!
Graham Aspden,Local Guide,"Sunday, May 31, 2020 09:54:52",69 reviews, 4 stars ,Good food
simon bibby,Local Guide,"Sunday, May 01, 2022 11:03:21",  42 reviews, 4 stars ,lovely breakfast
Sue Donlon,Local Guide,"Wednesday, May 31, 2017 04:28:34",  108 reviews, 4 stars ,Service and food good.
Antony “PyeManUK” Pye,Local Guide,"Saturday, July 31, 2021 12:41:54",  64 reviews, 4 stars ,It's a Wetherspoons!!
Bob and Derek,Local Guide,"Wednesday, May 31, 2017 04:28:34",  235 reviews, 4 stars ,Good choice and reasonable prices
Ruth Joseph,Local Guide,"Thursday, September 30, 2021 09:40:00",18 reviews, 5 stars ,Excellent
david armstrong,Local Guide,"Sunday, May 31, 2020 09:54:52",  154 reviews, 3 stars ,Can't beat it for vfm
Margaret Hall,Local Guide,"Thursday, May 31, 2018 10:17:20",  21 reviews, 4 stars ,Good food good value
David “Ormy” Horman,Local Guide,"Wednesday, May 31, 2017 04:28:34",  234 reviews, 5 stars ,Can't fault it for the money. Cheap as
Gillian Pridden,Local Guide,"Saturday, June 01, 2019 04:06:06",  238 reviews, 4 stars ,Good pub
Catherine Kay,Local Guide,"Saturday, June 01, 2019 04:06:06",  156 reviews, 4 stars ,Just what you expect from a Wetherspoon.
Marise Armstrong,Local Guide,"Sunday, May 31, 2020 09:54:52",27 reviews, 5 stars ,Great pub on accrington
Thomas Wright,Local Guide,"Saturday, June 01, 2019 04:06:06",14 reviews, 4 stars ,Very good
William Clarke,Local Guide,"Saturday, June 01, 2019 04:06:06",111 reviews, 5 stars ,Another great Wetherspoons
Chris Harkin,Local Guide,"Thursday, July 01, 2021 02:12:51",  16 reviews, 5 stars ,Best place in Accrington
Eddie Harris,Local Guide,"Saturday, June 01, 2019 04:06:06",  105 reviews, 4 stars ,Great pub
Maxine Ann Bailey,Local Guide,"Thursday, July 01, 2021 02:12:51",  168 reviews, 5 stars ,Visit quite often
Dave Bullock,Local Guide,"Thursday, May 31, 2018 10:17:20",19 reviews, 4 stars ,Good beer and food
Gary Hague,Local Guide,"Saturday, June 01, 2019 04:06:06",  79 reviews, 5 stars ,Good beer
Shanida Jo,Local Guide,"Wednesday, May 31, 2017 04:28:34",  25 reviews, 5 stars ,Love the service and decor
Craig Rawlinson,Local Guide,"Thursday, May 31, 2018 10:17:20",  21 reviews, 5 stars ,One of the better weatherspoons
Miranda Bell,Local Guide,"Saturday, June 01, 2019 04:06:06",  26 reviews, 5 stars ,Great value for money
Kelly Armstrong,Local Guide,"Saturday, July 31, 2021 12:41:54",  14 reviews, 5 stars ,Enjoy going
Craig Lee Rawlinson,Local Guide,"Thursday, May 31, 2018 10:17:20",  30 reviews, 5 stars ,Nice food
Kenny Sharples,Local Guide,"Thursday, September 30, 2021 09:40:00",  19 reviews, 3 stars ,"Its a wetherspoons it is what it is ,"
Gary Hollinshead,Local Guide,"Thursday, May 31, 2018 10:17:20",  59 reviews, 4 stars ,Not bad
Dave Wilson,Local Guide,"Wednesday, May 31, 2017 04:28:34",  83 reviews, 4 stars ,Good beer and food
James Deane,Local Guide,"Sunday, May 31, 2020 09:54:52",8 reviews, 5 stars ,Spoons. Always 6 star
sara burrows,Local Guide,"Thursday, May 31, 2018 10:17:20",2 reviews, 4 stars ,Good food
Rob W,Local Guide,"Saturday, June 01, 2019 04:06:06",5 reviews, 3 stars ,Ok. Standard Wetherspoons.
Mark Wilkinson,Local Guide,"Thursday, May 31, 2018 10:17:20",  98 reviews, 5 stars ,Good food
Andy Ridehalgh,Local Guide,"Wednesday, May 31, 2017 04:28:34",  175 reviews, 4 stars ,Wetherspoons - what more can I say!
Neil Donohoe,Local Guide,"Wednesday, May 31, 2017 04:28:34",  813 reviews, 4 stars ,Good food
Alan Jackson,Local Guide,"Saturday, June 01, 2019 04:06:06",14 reviews, 3 stars ,Bab selection of real ale
Catherine Conroy,Local Guide,"Thursday, May 31, 2018 10:17:20",  21 reviews, 4 stars ,Cheap food and drinks!!
john healey,Local Guide,"Tuesday, May 31, 2016 10:39:48",2 reviews, 5 stars ,Great pub
nichola Taylor,Local Guide,"Thursday, May 31, 2018 10:17:20",7 reviews, 3 stars ,Great when kids are in school
Paul Riley,Local Guide,"Thursday, May 31, 2018 10:17:20",  39 reviews, 2 stars ,Better when Regency lol
Anthony Lee,Local Guide,"Monday, June 01, 2015 04:51:02",14 reviews, 5 stars ,GOOD FOOD GOOD ATMOSPHERE!!!
Kerry Brazendale,Local Guide,"Sunday, May 31, 2020 09:54:52",  28 reviews, 5 stars ,Lovely breakfasts
Anne Slinger,Local Guide,"Thursday, May 31, 2018 10:17:20",42 reviews, 4 stars ,A Typically Wetherspoon pub.
Dex_zModz :p,Local Guide,"Sunday, May 31, 2020 09:54:52",6 reviews, 5 stars ,Mmmmmmm
Angela Frain,Local Guide,"Thursday, May 31, 2018 10:17:20",  226 reviews, 2 stars ,Expensive good for music
Dr Stephen Etheridge,Local Guide,"Saturday, June 01, 2019 04:06:06",  123 reviews, 4 stars ,Good.
Anthony and Maria Travels,Local Guide,"Saturday, June 01, 2019 04:06:06",  81 reviews, 4 stars ,It was ok
Kirsty Hillary,Local Guide,"Saturday, June 01, 2019 04:06:06",  54 reviews, 3 stars ,"Food was ok,"
laura everitt,Local Guide,"Saturday, June 01, 2019 04:06:06",  40 reviews, 1 star ,Atmosphere =none
David Sharpe,Local Guide,"Saturday, June 01, 2019 04:06:06",  147 reviews, 5 stars ,Good beern& food
Steve Thompson,Local Guide,"Saturday, June 01, 2019 04:06:06",3 reviews, 5 stars ,As always excellent
Michael Bramley,Local Guide,"Sunday, May 31, 2020 09:54:52",18 reviews, 5 stars ,Loved it
Jack Clarke,Local Guide,"Wednesday, May 31, 2017 04:28:34",13 reviews, 5 stars ,Good beer's
Shaun Darrell Carter,Local Guide,"Saturday, June 01, 2019 04:06:06",  9 reviews, 3 stars ,Good place to use
Chardonnay Roberts,Local Guide,"Monday, May 31, 2021 03:43:38",9 reviews, 5 stars ,Good
Paul Garrigan,Local Guide,"Thursday, May 31, 2018 10:17:20",14 reviews, 4 stars ,Typical Spoons pub
Bill Mc,Local Guide,"Thursday, December 30, 2021 05:07:09",  48 reviews, 5 stars ,Excellent
John Daniels,Local Guide,"Monday, May 31, 2021 03:43:38",33 reviews, 5 stars ,Yummy
Pajak Mistrz,Local Guide,"Saturday, June 01, 2019 04:06:06",4 reviews, 5 stars ,The best
Kath Love,Local Guide,"Saturday, June 01, 2019 04:06:06",6 reviews, 4 stars ,Reasonable
Emma Mcsloy,Local Guide,"Thursday, May 31, 2018 10:17:20",2 reviews, 4 stars ,The staff was freindly
john webster,Local Guide,"Saturday, June 01, 2019 04:06:06",414 reviews, 4 stars ,It's a wetherspoons!
Bob Thompson,Local Guide,"Sunday, May 31, 2020 09:54:52",4 reviews, 4 stars ,Welcoming
Brian Hoyle,Local Guide,"Saturday, June 01, 2019 04:06:06",50 reviews, 4 stars ,A good pint
katy coupe,Local Guide,"Saturday, June 01, 2019 04:06:06",  52 reviews, 1 star ,Ok
Lesley Daley,Local Guide,"Saturday, June 01, 2019 04:06:06",  53 reviews, 2 stars ,Clicky
Shaun Taylor,Local Guide,"Thursday, May 31, 2018 10:17:20",  116 reviews, 5 stars ,Great food
hughie armstrong,Local Guide,"Saturday, June 01, 2019 04:06:06",68 reviews, 3 stars ,Good
Mateusz “Broski” Strzeszewski,Local Guide,"Saturday, June 01, 2019 04:06:06",  18 reviews, 2 stars ,Full of drunk people
Ian Connolly,Local Guide,"Saturday, June 01, 2019 04:06:06",  1 review, 5 stars ,Great
Elaine Hesketh,Local Guide,"Saturday, June 01, 2019 04:06:06",11 reviews, 5 stars ,Go ere weekly
dB Eliyahu,Local Guide,"Wednesday, May 31, 2017 04:28:34",  17 reviews, 4 stars ,Excellent as always
Tony Kaye,Local Guide,"Saturday, June 01, 2019 04:06:06",  19 reviews, 5 stars ,Great night
Abbie Iddon,Local Guide,"Saturday, June 01, 2019 04:06:06",  33 reviews, 5 stars ,Brill
david shuttleworth,Local Guide,"Thursday, May 31, 2018 10:17:20",16 reviews, 4 stars ,Good value
Ian Johnson,Local Guide,"Saturday, June 01, 2019 04:06:06",  114 reviews, 3 stars ,Not my  sort
Liam Briercliffe,Local Guide,"Saturday, June 01, 2019 04:06:06",5 reviews, 5 stars ,Nice and friendly
Norman Godfrey,Local Guide,"Saturday, June 01, 2019 04:06:06",  62 reviews, 4 stars ,Food excellent
Mark Warbrick,Local Guide,"Saturday, June 01, 2019 04:06:06",  41 reviews, 5 stars ,Nice atmosphere
Virgina McGough,Local Guide,"Saturday, June 01, 2019 04:06:06",6 reviews, 5 stars ,Good  food
Nigel Willis,Local Guide,"Sunday, May 31, 2020 09:54:52",1 review, 1 star ,Horrible
Daniel Griffin,Local Guide,"Saturday, June 01, 2019 04:06:06",  28 reviews, 5 stars ,Nice & friendly
Hilary Hankin,Local Guide,"Thursday, May 31, 2018 10:17:20",  140 reviews, 4 stars ,Cheap and cheerful
Darrell Edmondson,Local Guide,"Thursday, May 31, 2018 10:17:20",  143 reviews, 5 stars ,Good
Steven Hanratty,Local Guide,"Sunday, May 31, 2020 09:54:52",  59 reviews, 1 star ,Rubbish
Colin Weemes,Local Guide,"Thursday, May 31, 2018 10:17:20",  12 reviews, 4 stars ,Standard weatherspoons
Tony Shankly,Local Guide,"Sunday, May 31, 2020 09:54:52",  19 reviews, 5 stars ,Great place
Colin Bolton,Local Guide,"Sunday, May 31, 2020 09:54:52",2 reviews, 5 stars ,Lovely place
Francis Roche,Local Guide,"Saturday, June 01, 2019 04:06:06",  21 reviews, 2 stars ,Abit dimgy
Emily Doonan,Local Guide,"Saturday, June 01, 2019 04:06:06",  101 reviews, 4 stars ,Average
peter garvin,Local Guide,"Sunday, May 31, 2020 09:54:52",  248 reviews, 5 stars ,The price is right
Callum Taylor,Local Guide,"Saturday, July 31, 2021 12:41:54",11 reviews, 5 stars ,Spoons innit
John Gaynor,Local Guide,"Thursday, May 31, 2018 10:17:20",7 reviews, 3 stars ,Okay
Duncan Hick,Local Guide,"Sunday, May 31, 2020 09:54:52",  677 reviews, 5 stars ,Friendly local
David Scott,Local Guide,"Saturday, June 01, 2019 04:06:06",  58 reviews, 5 stars ,Cheap and cheerie
Jamie Bowker,Local Guide,"Saturday, June 01, 2019 04:06:06",13 reviews, 5 stars ,Great place
KEITH HINDLE,Local Guide,"Tuesday, May 31, 2016 10:39:48",  14 reviews, 5 stars ,Weatherspoons
Sian Mcneilly,Local Guide,"Monday, May 30, 2022 09:32:24",14 reviews, 5 stars ,Good breakfast
Andrew Feeley,Local Guide,"Tuesday, May 24, 2022 09:32:24",7 reviews, 5 stars ,"(Translated by Google) Exellent drinks exellent food and atmosphere

(Original) …"
Łukasz Pawłowski,Local Guide,"Sunday, May 31, 2020 09:54:52",  126 reviews, 5 stars ,(Translated by Google) Nice to lose weight. A good place for dinner with children. …
Robert Kostuch,Local Guide,"Thursday, May 31, 2018 10:17:20",1 review, 5 stars ,"(Translated by Google) I recommend great food, atmosphere and of course people.

(Original) …"
luca jaman,Local Guide,"Sunday, May 31, 2020 09:54:52",  58 reviews, 4 stars ,"(Translated by Google) I tasted the classic Fish and Chips was perfect

(Original) …"
Gabriela Jagielka,Local Guide,"Sunday, May 31, 2020 09:54:52",  13 reviews, 5 stars ,"(Translated by Google) The best burgers

(Original)
Najlepsze hamburgery"
Gregory Morrow,Local Guide,"Saturday, June 01, 2019 04:06:06",13 reviews, 4 stars ,"(Translated by Google) oreet

(Original)
Oreet"
