Reviewer_Name,Reviewer_Type,Review_Time,Num_of_Review,Stars,Review_Comment
Brooke Mendes,Local Guide,"Saturday, June 01, 2019 03:36:35",  175 reviews, 4 stars ,The food is served pretty quick even during the busy hours which is most of the time . I frequently fly from Gatwick and always has a good experience at this Wetherspoon particularly. …
Nick Ellenden,Local Guide,"Saturday, June 01, 2019 03:36:35",  129 reviews, 5 stars ,"Good food, quick service (with the app you can have your own table service) and good prices"
chiling,Local Guide,"Saturday, June 01, 2019 03:36:35",  32 reviews, 3 stars ,"Came here for dinner after landing. plenty of seats, nice ambiance, and servers and bartenders were polite and friendly! Ordered a bowl of fries, soup of the day (broccoli) and teriyaki noodles. As an asian, the teriyaki noodles were …"
kiren patel,Local Guide,"Thursday, May 31, 2018 09:47:49",  448 reviews, 3 stars ,"A standard weatherspoons breakfast, at the same charge as airside, only difference is this place is usually deserted whereas airside is ram packed, I'd choose this one all day long, there may have been staff training that day, as the staff member didn't recommend me an upgrade to large size, which I would have taken"
Christian Green,Local Guide,"Saturday, June 01, 2019 03:36:35",  202 reviews, 4 stars ,Tasty chicken jalfrezi and a really cold cider. No  delay in being served or the meal arriving. If there is a problem it is that this pub is beyond the entrance to departures so you need to go looking.
Joe Joe,Local Guide,"Thursday, May 31, 2018 09:47:49",  56 reviews, 1 star ,Microwave heated bangers n mash. Too hot to take anywhere near mouth too. See the for yourself. Staff agreed most food are from microwave. Why don't mention this in menu? Never again in any witherspoons
Rob K,Local Guide,"Sunday, May 01, 2022 10:33:50",32 reviews, 1 star ,useful pub after security but not much use to anybody closed. get it open again!
Diego Soligon,Local Guide,"Saturday, June 01, 2019 03:36:35",  79 reviews, 3 stars ,"Average food, good selection of beers, and not too long serving time. Good place if you crave for a last pint before boarding the plane."
Dave Statter,Local Guide,"Saturday, June 01, 2019 03:36:35",  72 reviews, 2 stars ,Weatherspoons is exactly what you'd expect but twice as expensive and possibly even less customer service than usual. The food was pretty tasty but maybe that was because we'd been up for 6 hours and our flight was cancelled. …
Eduardo Ramos,Local Guide,"Thursday, May 31, 2018 09:47:49",  149 reviews, 3 stars ,Pub is good place for quick bite and a pint. It's not the best but does the job. Good place to hang out while waiting for your flight.
tammy CHENG,Local Guide,"Saturday, June 01, 2019 03:36:35","  1,379 reviews", 3 stars ,Typical Britain food 😆👍🏻
Stefano Savio,Local Guide,"Monday, May 31, 2021 03:14:07",  49 reviews, 3 stars ,A good breakfast while waiting for the departure. I think it's a bit expensive but it was all good anyway.
alex gibson,Local Guide,"Sunday, May 31, 2020 09:25:21",12 reviews, 1 star ,Booked the meal through the app. Which was great and effortless. However my meal was over microwaved and clumped together in a big stodge. Time wasn't on our side to wait for a replacement. We had a plane to catch. This is the second time …
Anssi Suhonen,Local Guide,"Saturday, June 01, 2019 03:36:35",7 reviews, 4 stars ,"Very quick and polite service and nice atmosphere for an airport restaurant. Good selection of drinks too! Unfortunately the pricing is slightly higher than usually at Wetherspoon and I advise to steer clear of the burgers, mine was dry and …"
Gabriel Alcanfor,Local Guide,"Thursday, May 31, 2018 09:47:49",  81 reviews, 3 stars ,"Fast service, my burger it was good, not fantastic, but good, service after order it was really good and simpatic, but i can't say the same about the cashier service. They were flexible to customers when i ordered some additional ingredient …"
Claire Smashcroft,Local Guide,"Wednesday, May 31, 2017 03:59:03",  232 reviews, 3 stars ,"Fairly decent menu with a couple of vegan & vegetarian options.  Range of craft beer&cider. Can get super busy but the service is quick, the staff are friendly and helpful and tidy up pretty sharp.  Be prepared to pay airport prices for …"
igor Boikovs,Local Guide,"Sunday, May 31, 2020 09:25:21",  157 reviews, 4 stars ,"Great to see the wheterspoons at the airport.
U would think is cheap as in town but not quiet, still cheaper than other pubs around anyway, is adapted to airport prices. …"
Antonin Vrabec,Local Guide,"Sunday, May 31, 2020 09:25:21",  39 reviews, 1 star ,Waiting for someone to come to the table for almost 40 minutes. Young girl passed by few times but no signs of interest. Restaurant had maybe 5 tables with customers so it was not too busy. My first time in London trying to eat... Didn't happen.
Paul McKenzie,Local Guide,"Saturday, June 01, 2019 03:36:35",  161 reviews, 4 stars ,"Surprisingly good, given its location. Food tasty, arrived reasonably quickly. Didn't have full range of beers advertised, but plenty more to choose from. Staff friendly and efficient, prices not too bad for an airport location"
Fábio Nobre,Local Guide,"Saturday, June 01, 2019 03:36:35",3 reviews, 1 star ,Shared a meal with my parents before flight for the 1st time in 3 days. We are all in bed now and throwing up as soon as we have something to eat. …
Rick Mankind,Local Guide,"Sunday, May 31, 2020 09:25:21",46 reviews, 5 stars ,Never had a chance to try bangers and mash or eggs Royale during our short stay in London. So we managed to get it in at the airport before we left. Everything was delicious and the service was very good.
Shyama,Local Guide,"Saturday, June 01, 2019 03:36:35",  195 reviews, 4 stars ,"One of the longer opening hours Eateries before LGW's passenger check-in zone.  Pleasant attentive staff. Quick service. Reasonably priced.
Food could be better so 4 stars."
Nebula,Local Guide,"Wednesday, May 31, 2017 03:59:03",  520 reviews, 4 stars ,Great range of beers and they are decent quality too. Staff are quick even when it's very busy. Food doesn't take long to come out and its not bad. Prices are a bit steep but to be expected in an airport.
Danny Standing,Local Guide,"Saturday, June 01, 2019 03:36:35",  216 reviews, 3 stars ,"Visited both ends of my trip as I was staying over in an airport hotel. Didn’t eat, but was served drinks fairly quickly and I’ve had far worse service and product quality in other airport pubs/bars. Staff weren’t hugely polite and did seem to spend more time talking to each other than serving."
Carmel Carmel,Local Guide,"Thursday, May 31, 2018 09:47:49",1 review, 2 stars ,Had breakfast in this establishment this morning.Yes the staff were friendly and professional . Although the food was brought out promptly if for the fact that I was not extremely hungry and had a flight to catch I would of ask them to do …
ShyGirlLucy Coosie,Local Guide,"Saturday, June 01, 2019 03:36:35",46 reviews, 4 stars ,Food was decent and very fast. Which was great as we were in a rush to eat before our flight. Basic pub grub at good prices. Just another wetherspoons. Good place to eat before going through security.
Kelvin Rabbitt,Local Guide,"Saturday, June 01, 2019 03:36:35",  91 reviews, 4 stars ,Always friendly and efficient staff. Food is quick. A better atmosphere than most Wetherspoons but then look there it is.
Cristian Ionuț Necula,Local Guide,"Sunday, May 31, 2020 09:25:21",  40 reviews, 1 star ,Unfortunately I was left without a choice when Giraffe told me they were shut at 9:30pm so this ‘spoons was the only place that offered warm food at that time. I got the “Gourmet Vegan Burger” which was an absolute disappointment. A very …
Joe Savage,Local Guide,"Sunday, May 31, 2020 09:25:21",  511 reviews, 3 stars ,It was OK for supper before we stayed overnight upstairs in the BLOC. Barely any seats to be had and the ones we managed to grab we had to clear ourselves. …
EJ ohta,Local Guide,"Saturday, June 01, 2019 03:36:35",  531 reviews, 5 stars ,"Best service, best food here found"
Christopher Lacey,Local Guide,"Wednesday, May 31, 2017 03:59:03",2 reviews, 1 star ,Poor quality in that the garlic bread was hard and paid nearly £13 for a burger and chips with more plate than chips. Atmosphere is more like a rough council estate pub and the people to match don't bother. Staff hat attitude of so what you get what you are given as that's what we serve
Kimberley Pain,Local Guide,"Saturday, June 01, 2019 03:36:35",  25 reviews, 4 stars ,"This Wetherspoons is located in the south terminal at Gatwick, before security, and on the upper floor (above costa). We visited on a Friday lunctime and were able to get a seat - and there were a few other tables spare. Good selection of …"
Daddy Gunputrao,Local Guide,"Thursday, May 31, 2018 09:47:49",  144 reviews, 1 star ,"Must be about 10 years since I last ate at a Wetherspoons.  Back then as a student, £5 for a curry and pint was pretty good value for money.  They used to serve a beef pie - a proper pie with short crust pastry - mashed potatoes and peas. …"
Bradley Avery,Local Guide,"Saturday, June 01, 2019 03:36:35",  20 reviews, 4 stars ,"A good pub offering food and drink, quite small considering the location. Be warned that it can be hard to find seats at busy periods but it looks like table booking was possible. Prices aren't too bad considering location."
Martin Gormley,Local Guide,"Saturday, June 01, 2019 03:36:35",  41 reviews, 1 star ,Poor. People coming in with there own food while I'm trying to find a place to eat food I've purchased from the bar.. staff couldnt care less!!
Simon Brickwood,Local Guide,"Sunday, May 31, 2020 09:25:21",  98 reviews, 5 stars ,Quick service good food nice price verry reasonable
mo mynard,Local Guide,"Thursday, May 31, 2018 09:47:49",2 reviews, 2 stars ,"Weatherspoons are usually pretty good, but not this one. Prices double for being in airport, and service non existent. Waited 20 min to get served and was 4th in queue. …"
Mark Rowland,Local Guide,"Thursday, May 31, 2018 09:47:49",  61 reviews, 2 stars ,"OK, it's Wetherspoons but you generally know what to expect and usually it's good value. However, airport pricing  making burger meals with a drink £12-15 makes it all the more disappointing when the food is cold, dry and tasteless. Not …"
Sam Phyall,Local Guide,"Sunday, May 31, 2020 09:25:21",  20 reviews, 5 stars ,Went here for Christmas Lunch on Christmas Day and the food was awesome. What you'd expect for a pub though...
Ramute Bri,Local Guide,"Saturday, June 01, 2019 03:36:35",  39 reviews, 5 stars ,Good food. Perfect Benedict egg
Charles Lane,Local Guide,"Wednesday, May 31, 2017 03:59:03",6 reviews, 2 stars ,I had low expectations coming into the pub full knowing that it was an airport restaurant but after my first bite disappointment set in. Now I won't contest that it is an adequate spot to have a drink and relax while waiting but I bid you …
P Beighton,Local Guide,"Sunday, May 31, 2020 09:25:21",  28 reviews, 4 stars ,"Comfortable enough Wetherspoons usually full of excited holiday makers ahead of an early morning flight. Service has always been good here, a preferable option to the local airport hotels."
TM,Local Guide,"Sunday, May 31, 2020 09:25:21",  33 reviews, 3 stars ,"Food came out fast, staff was polite and the pale ale pie with veg was pretty tasty. Price is standard and can't complain about it and the same goes for their beer selection."
Derek Charlton,Local Guide,"Sunday, May 31, 2020 09:25:21",7 reviews, 5 stars ,"Great quick friendly service from Leon
Food was good , overall excellent"
Nicholas Vazsonyi,Local Guide,"Saturday, June 01, 2019 03:36:35",  230 reviews, 4 stars ,"Hit the spot when we needed breakfast early morning at Gatwick. Reasonably priced and fast service. If you like your eggs runny, be sure to ask, because they will otherwise be rather hard from having been sitting under the warmer for a while."
Damian Scott,Local Guide,"Saturday, June 01, 2019 03:36:35",  223 reviews, 3 stars ,"Good beer selection, friendly staff.  Busy airport location, feeling a bit shabby in an older part of the airport.  Food portion size was a little smaller than expected."
Aaron Oberste,Local Guide,"Sunday, May 31, 2020 09:25:21",  12 reviews, 5 stars ,"Excellent food, decent prices for an airport.  Had the chicken and paneer curry.  Use the Weatherspoon app for instant ordering, easy and fast."
Sarah Eva,Local Guide,"Saturday, June 01, 2019 03:36:35",6 reviews, 5 stars ,"The guy that cleared the tables on the morning of 21/06 was just lovely, friendly and efficient! A real gem to to your business.
Food not bad. Air conditioner was a bit over the top 😬"
Jamie Clarke-Dakin,Local Guide,"Wednesday, May 31, 2017 03:59:03",  127 reviews, 4 stars ,Very tasty food came in great time. Expensive though.
Andrew West,Local Guide,"Thursday, May 31, 2018 09:47:49",  284 reviews, 5 stars ,The food was really quick and nicely-cooked. Okay so presentation wasn't amazing but it's a Wetherspoons. You don't go to a Steps concert for Brahms. The bar staff were very friendly and efficient even when they had to deal with a pack of …
Jesper Holm Pedersen,Local Guide,"Saturday, June 01, 2019 03:36:35",51 reviews, 4 stars ,"Easy self service, reasonable prices and good selection for a quick lunch"
J Kirk,Local Guide,"Thursday, May 31, 2018 09:47:49",  135 reviews, 3 stars ,"For an airport, the Beehive is quite a nice place to pass the time. The staff are friendly and service was quick when I was there. Food quite typical for Wetherspoon and was tasty and hot but two meals and two drinks was almost twice the price for the same in other Wetherspoons!"
David Watkins,Local Guide,"Saturday, June 01, 2019 03:36:35",  16 reviews, 4 stars ,"Always welcoming, a decent choice of beers. The place is always busy due to the location but at this spoons the staff do a great job and keeping the tables clean which was appreciated."
Bruce Chennell,Local Guide,"Thursday, May 31, 2018 09:47:49",  75 reviews, 3 stars ,Bar staff don't know drinks that they serve. Asked for 1 type of rum but got a totally different brand. Same would of happened on second round if i didn't point out the correct bottle!
Martin Belcher,Local Guide,"Saturday, June 01, 2019 03:36:35",  94 reviews, 5 stars ,"Friendly, cheerful staff, great beer and not expensive. Most of the clientele are going on holiday or meeting loved ones and give the place a happy warmth. Peacefully tucked out of the way from the airport bustle."
Brea Adaku Childs,Local Guide,"Sunday, May 31, 2020 09:25:21",3 reviews, 1 star ,Can't give zero stars. Even the airport staff warned us it was no good.
Ross Holland,Local Guide,"Thursday, May 31, 2018 09:47:49",  7 reviews, 1 star ,"Service is lacklustre, prices are extortionate for a company that prides itself on being cheap and cheerful on the high street. Captive audience does not mean let's rip them off! They would be full if they kept to the policies they have in every high street and probably make more profit in the long run."
Eric Rodriguez Machado,Local Guide,"Saturday, June 01, 2019 03:36:35",  192 reviews, 3 stars ,"Great for drinks if at the airport but food is horribly overpriced. The place is clean, the food is ok and the staff are friendly."
David Croissant,Local Guide,"Saturday, June 01, 2019 03:36:35",  67 reviews, 4 stars ,Great pub and well worth a visit land side but it you want cheaper prices head over to the Premier inn.
dollimyxture,Local Guide,"Thursday, May 31, 2018 09:47:49",  87 reviews, 3 stars ,"Wetherspoons in london gatwick airport, south terminal, land side has an extremely limited menu compared to a normal Wetherspoons. I was extremely disappointed in the selections offered and with ultimately the food i ended up with. I had …"
Claude Baudoin,Local Guide,"Thursday, May 31, 2018 09:47:49",  156 reviews, 3 stars ,Food is okay (just a little above fast food quality). Service is slow. You hsve to order at the bar (pub-style) but getting noticed can be a challenge.
Luminita Mirela,Local Guide,"Sunday, May 31, 2020 09:25:21",  61 reviews, 5 stars ,"Friendly staff, good food, comfortable place"
Michelle Beever,Local Guide,"Saturday, June 01, 2019 03:36:35",  57 reviews, 4 stars ,Quick service .Staff excellent and friendly . Only downside very limited  deserts to choose from the menu .
Angela Best,Local Guide,"Saturday, June 01, 2019 03:36:35",  72 reviews, 4 stars ,Good selection of food. Love the hot chocolate
Chris F,Local Guide,"Saturday, June 01, 2019 03:36:35",  498 reviews, 3 stars ,"The restricted menu and prices ( roughly double ) were disappointing compared to a High street Wetherspoon.
Airport I suppose? …"
ANN LIGHT,Local Guide,"Sunday, May 31, 2020 09:25:21",  632 reviews, 5 stars ,Do not normally go for Wetherspoons unless I am after quick service or when all the other places are closed or stopped selling food …
Wilbert Shirley,Local Guide,"Wednesday, May 31, 2017 03:59:03",  46 reviews, 3 stars ,"Very pleasant staff, Traditional Breakfast was good & overall service was great; will visit again providing the management don't change the policy of you personally retrieving your order at the counter when purchased.  Thanks"
Alan Mason,Local Guide,"Sunday, May 31, 2020 09:25:21",  31 reviews, 5 stars ,"Nice comfortable bar, good to pass some time. Popular with friday after work drinkers at the airport. Remember to show your airport id"
Rachel Slowther,Local Guide,"Saturday, June 01, 2019 03:36:35",23 reviews, 2 stars ,Limited menu.. friends seafood risotto came put looking like a kids portion with very limited seafood.. Mine looked slap dash.. but tasted ok.. Most of the staff were friendly tho..
Thomas Larsen,Local Guide,"Saturday, June 01, 2019 03:36:35",  37 reviews, 5 stars ,"Good price, fast service and a good range of menu chooses. They also have a good selection of beers. Has everything I want when dining on an airport."
Carl Shield,Local Guide,"Saturday, June 01, 2019 03:36:35",  96 reviews, 4 stars ,"Good prices considering its within an airport, food is the usual weather spoon quality, not going to knock your socks off but decent considering the price. Nice pub atmosphere."
Carlene Oliver,Local Guide,"Thursday, May 31, 2018 09:47:49",6 reviews, 1 star ,"Been for the first time stood at the entrance and staff members were passing me even though we made eye contact, not a hello or whisper.  I walked in a bit the back to the entrance then a guy hurriedly passed me saying have a seat anywhere …"
Bernadett Gaspar,Local Guide,"Saturday, June 01, 2019 03:36:35",  19 reviews, 5 stars ,"Great breakfast place with veggie options available plus other dietary requirements. Free refill on coffee too, can't fault it"
Daniel Spångberg,Local Guide,"Thursday, May 31, 2018 09:47:49",  132 reviews, 1 star ,"Horrible service! We arrive at 10:54, but cannot order lunch before11:00. Also, no menus available. Tried to find allergy information. Unhelpful staff. Finally found allergy info on website and left after 25 minutes, without having ordered anything."
Emily Wadeley,Local Guide,"Saturday, June 01, 2019 03:36:35",  63 reviews, 4 stars ,Enjoyed our meal before boarding our plane on Sunday and Monday. Obviously a smaller menu than normal Wetherspoons but still filled us up!
Ethan O'Donnell,Local Guide,"Thursday, May 31, 2018 09:47:49",7 reviews, 3 stars ,"Pricer than other Wetherspoons and with a limited menu. But it is the only pub/bar in the south terminal, and I appreciate that they have to pay a premium to rent an area in an airport."
Brad Richards,Local Guide,"Saturday, June 01, 2019 03:36:35",  190 reviews, 5 stars ,Great selection of gins. You choose your tonic and flavoring. Food was well prepared also. They don't accept tips though.
João Araújo,Local Guide,"Saturday, June 01, 2019 03:36:35",  110 reviews, 3 stars ,"Is a good place for a quick meal that won't bust your bank.
Service is very straightforward.
I had the ultimate burger and was good"
Tom,Local Guide,"Thursday, May 31, 2018 09:47:49",8 reviews, 1 star ,"Ordered scampy they say on the receipt that it's posh scampy, I  wouldn't give it to my dog as some of it was rock hard and the others were under cooked, the fries well you could swim in the oil.
Just so bad."
Paddy Gladman,Local Guide,"Monday, August 30, 2021 10:41:26",14 reviews, 3 stars ,"Gin is gin, it's just what they add to it. I asked for a sloe gin, but they didn't have any, so I had 2 gins with a piece of rosemary. Nice but well overpriced. I could have gone to duty free and purchased a bottle for the same price"
Pablo Ozaeta,Local Guide,"Sunday, May 31, 2020 09:25:21",  23 reviews, 5 stars ,"I take a Mangalorean roasted cauliflower & spinach curry, it was absolutely well done and very tasty with only 825Kcal together with a nice Carling beer"
Antonella Porcu,Local Guide,"Sunday, May 31, 2020 09:25:21",8 reviews, 2 stars ,"Gets worst year after year. Sticky tables, the food is not worth it anymore. Good just for a beer"
Chris Dirckze,Local Guide,"Thursday, May 31, 2018 09:47:49",  1 review, 3 stars ,"Nice place, REALLY nice staff. As expected in an airport... Airport prices... Enjoyed it anyway! :)"
Michael Taylor,Local Guide,"Saturday, June 01, 2019 03:36:35",  651 reviews, 4 stars ,Typical Wetherspoons smart helpful staff  reliable standard food value for money
Guntran,Local Guide,"Sunday, May 31, 2020 09:25:21",  260 reviews, 3 stars ,About the only place yo go if you arrive late at night. And it's just like any other spoons but the pricing is a little higher.
retired_of_yorkshire,Local Guide,"Saturday, June 01, 2019 03:36:35","  1,323 reviews", 4 stars ,Quite small Spoons lanside at South terminal. Food average. Difficulty getting all the drinks order correct on 2 occasions. Best of the options for eateries available.
Martina Konečná,Local Guide,"Saturday, June 01, 2019 03:36:35",  76 reviews, 5 stars ,"Nice place to grab a bite and bevy on Gatwick. Friendly staff helpful to weary travelers, good food and fair price for what you get."
Brian Dudley,Local Guide,"Thursday, May 31, 2018 09:47:49",  56 reviews, 3 stars ,Typical airport facilities. The staff super helpful but the food mediocre. Had the small breakfast which was not well cooked and only warm on being served.
Robin Whiteman,Local Guide,"Saturday, June 01, 2019 03:36:35",123 reviews, 5 stars ,"Friendly, quick service. Good menu. Good beer"
Keith Wawrzeniak,Local Guide,"Thursday, May 31, 2018 09:47:49",  17 reviews, 2 stars ,"Service was quick (food took less than 10 minutes at 3am), breakfast food was bland and way too expensive for what you get.  Do yourself a favor and get a couple baguette sandwiches from Pret a Manger next door instead."
susan price,Local Guide,"Saturday, June 01, 2019 03:36:35",33 reviews, 4 stars ,"We had a lovely brunch while waiting for our flight, good food and friendly staff. We had mushroom benadict which was very tasty."
Andrew Wilson,Local Guide,"Wednesday, May 31, 2017 03:59:03",  80 reviews, 3 stars ,"Basic pub food, good real ale. This branch of the Wetherspoons pub chain is very busy. Not a surprise being in Gatwick airport. …"
david Roberts,Local Guide,"Saturday, June 01, 2019 03:36:35",  54 reviews, 5 stars ,Good food and snacks. Good and cheap beer. Amazing for an airport.
marie perry,Local Guide,"Saturday, June 01, 2019 03:36:35",  61 reviews, 1 star ,Not good food or service! Never again
D Azark,Local Guide,"Saturday, June 01, 2019 03:36:35",  51 reviews, 4 stars ,American here: very convenient with quick app ordering. the doom pie is amazing but chicken wings are not quite like home
Barney Brewer,Local Guide,"Sunday, May 31, 2020 09:25:21",99 reviews, 4 stars ,Nice place to visit if you've got a couple of hours to spare
Iain King,Local Guide,"Saturday, June 01, 2019 03:36:35",  92 reviews, 4 stars ,"Good service and pretty fast for ordering your food, prices are about right for an airport, usually have a meal here before my flight."
Katie Lepesa,Local Guide,"Sunday, May 31, 2020 09:25:21",5 reviews, 1 star ,"Came to the bar and been ignored , then with a cba face asked do I need anything , well I guess if I'm here ???! Then ordered food , strange thing that I ordered a coffee and went back to my table , as I seen some staff been serving people …"
Martina,Local Guide,"Sunday, May 31, 2020 09:25:21",22 reviews, 2 stars ,My chips were basically just raw potatoes and the cheese in my ham and cheese panini was not even close to being melted. The meal was just thrown together in a hurry. Disappointing!
Irie G,Local Guide,"Sunday, May 31, 2020 09:25:21",  49 reviews, 5 stars ,"Had a great time, breakfast and bloody Mary. Alright Alriiiight 😂"
Abigail Kornosky,Local Guide,"Saturday, June 01, 2019 03:36:35",  9 reviews, 5 stars ,"Fantastic food, a short wait, and great staff. Perfect for your first meal in Britain or the last one of you stay there."
Claire Driver,Local Guide,"Saturday, June 01, 2019 03:36:35",  57 reviews, 3 stars ,"Food quick, and nice.  No complaints at all."
Graham Foster,Local Guide,"Saturday, June 01, 2019 03:36:35",  59 reviews, 3 stars ,Had a light brunch before getting a flight. It is standard weather spoons food. Nothing exciting but good value.
Jules Akers,Local Guide,"Saturday, June 01, 2019 03:36:35",  24 reviews, 5 stars ,Quick courteous service despite it being so busy. Nice steak and the specially dedicated airport terminal pale ale was very drinkable.
David Hutchinson,Local Guide,"Wednesday, May 31, 2017 03:59:03",  276 reviews, 3 stars ,Went here because I thought it might be cheaper and better before going through security. The reality is there's better choice through security and they're even cheaper (this weatherspoon is especially expensive). If you can hold on for 10 more minutes then do! You'll thank me
John Miles,Local Guide,"Saturday, June 01, 2019 03:36:35",  44 reviews, 4 stars ,Probably the best place for a meal at the South Terminal before flying out
Oskari Grönroos,Local Guide,"Sunday, May 31, 2020 09:25:21",  45 reviews, 2 stars ,"Decently priced for an airport location, drinks are alright. However, the burger I had here was absolutely disgusting. Dry bap, fridge cold cheese and the meat tasted more like the grass the cows eat than the cow itself. Fries were alright, but 9 quid (+£1 for the cheese) for that is a joke."
Jens Heyde Rasmussen,Local Guide,"Saturday, June 01, 2019 03:36:35",8 reviews, 3 stars ,"The pub is okay, but nothing exceptional. The staff wasn't handling the customer line very well at the counter, but the quality of the food was above average."
Jez Foulsham,Local Guide,"Sunday, May 31, 2020 09:25:21",  50 reviews, 4 stars ,"Good place late at night, can get food pretty much 24x7."
Trish Lawson,Local Guide,"Wednesday, May 31, 2017 03:59:03",3 reviews, 1 star ,"Extremley dissapointed, cold burger and chips which i sent back, when returned it had the same plate with the same mayonaise on it that was heated up in a microwave HOT MAYO !!!!.... AND TO TOP IT ALL IT COST ME £33 FOR 2 BURGER AND CHIPS AND 2 DRINKS......not impressed !!"
Anne Marie Schou Lund,Local Guide,"Sunday, May 31, 2020 09:25:21",  108 reviews, 4 stars ,Very friendly place and the staff are extremely nice very helpful. Nice and clean place. Have recommended this to family when they stay at Gatwick airport.
CNPayne,Local Guide,"Saturday, June 01, 2019 03:36:35",  36 reviews, 5 stars ,Food was good pub quality. We used the app to order and the food came really quickly. Good food and drinks.
Fred Cartwright,Local Guide,"Saturday, June 01, 2019 03:36:35",  132 reviews, 4 stars ,"Nice to know that you can get a good breakfast, before you fly."
trevor,Local Guide,"Sunday, May 31, 2020 09:25:21",  519 reviews, 4 stars ,Not a bad Weatherpoons style pub in an airport with a good selection of drink and staff dealt well with a large group of us.
Gary Ramazanov,Local Guide,"Saturday, June 01, 2019 03:36:35",  33 reviews, 5 stars ,Great place to wait for your flight!
Duncan Williams,Local Guide,"Saturday, June 01, 2019 03:36:35",  119 reviews, 5 stars ,"Very handy watering hole and the food is reasonable too. We use it when we're leaving from and arriving back at Gatwick, regardless of which terminal we're using. Can get pretty noisy but you'd expect that with a lot of travellers milling about. Our holiday starts here."
Clare Livermore,Local Guide,"Sunday, May 31, 2020 09:25:21",  308 reviews, 4 stars ,Ok food for quick dinner before flying.
hayley Stevens,Local Guide,"Saturday, June 01, 2019 03:36:35",6 reviews, 5 stars ,"Enjoyed a couple of drinks here before going over to North terminal.
Staff were polite & service quick."
Dom A,Local Guide,"Thursday, May 31, 2018 09:47:49",  235 reviews, 1 star ,"Wasn't best pleased here, the guy bringing out the food didn't have a clue whos food was whos, subsequently other peoples burgers landed on my table and visa versa... which I find extremely off putting."
Steve Wickens,Local Guide,"Saturday, June 01, 2019 03:36:35",  107 reviews, 4 stars ,"Best place to eat and relax in Gatwick Airport. Decent, well priced food and wide selection of beers."
Steve J,Local Guide,"Saturday, June 01, 2019 03:36:35",  475 reviews, 5 stars ,Surprisingly good burger came immediately. Obviously prices have the airport surcharge but overall good place and service
Jaimy Voormolen,Local Guide,"Sunday, May 31, 2020 09:25:21",  131 reviews, 4 stars ,Friendly service. The nacho portion was smaller then it normally is and then other customers got but just as tasty.
Jason Breed,Local Guide,"Saturday, June 01, 2019 03:36:35",  77 reviews, 5 stars ,Brilliant little rest point before embarking on your adventure - plenty of very helpful staff even though it was early morning...good value on the breakfasts
Peter Hodson,Local Guide,"Sunday, May 31, 2020 09:25:21",13 reviews, 5 stars ,"Really nice pub, good selection of beer and spirits. Choice of food and quality served is very good."
Adam Bienkowski,Local Guide,"Sunday, May 31, 2020 09:25:21",  215 reviews, 5 stars ,Friendly staff and quick service. I used the app to order my food and drink and it all came very quickly
Jake Roskilly,Local Guide,"Saturday, June 01, 2019 03:36:35",  36 reviews, 4 stars ,Hiked prices due to the airport but good service. Food was both quick and good quality
Chris,Local Guide,"Saturday, June 01, 2019 03:36:35",  86 reviews, 3 stars ,"The place was packed and they had run out of the Caesar salad I wanted. Good selection of beers, but I found the LED spotlights over the metal tabletops far too bright."
Ross A-Smith,Local Guide,"Thursday, May 31, 2018 09:47:49",  14 reviews, 1 star ,"2 of us here for breakfast, all hot drinks served cold, ""fresh orange juice"" FROM CONCENTRATE, full English tasted like Gandhi's flipflop, rude staff (surprise surprise) - never again!!"
LAPSUS OBSCURO Official,Local Guide,"Thursday, May 31, 2018 09:47:49",2 reviews, 1 star ,Ordered 2 drinks one served wrongly & 2 sandwiches served cold and tasted like an old shoe.
Hemant Sathe,Local Guide,"Saturday, June 01, 2019 03:36:35",41 reviews, 2 stars ,"Absolutely bad chicken burger. The waitress gave me replacement but I was feeling like I am eating leather and that too a thick one. Ambience is good, staff typical Witherspoon."
michael wakefield,Local Guide,"Saturday, June 01, 2019 03:36:35",  41 reviews, 1 star ,"as a  coeliac you have the choice of breakfast, Nacho's or risotto. It was the worst risotto I have ever tasted I wouldn't have paid £4 let alone the £8 they wanted"
Richard Johns,Local Guide,"Saturday, June 01, 2019 03:36:35",  287 reviews, 4 stars ,"Topical  ""spoons "" busy and fair price for drink and food."
Annemarie Ferrier,Local Guide,"Saturday, June 01, 2019 03:36:35",  144 reviews, 4 stars ,"Food served quite quickly as was very busy,  not as great as last year but convenient to Bloc hotel"
Derek Mclean,Local Guide,"Saturday, June 01, 2019 03:36:35",  40 reviews, 5 stars ,Wetherspoons is always as you would expect. Cheap but good quality. Not excellent but whenever a problem they sort it out fast.
Germiraqui Summers,Local Guide,"Thursday, May 31, 2018 09:47:49",  33 reviews, 4 stars ,Seems to be a comfortable place where the time can be spend on either Dining of wetting of whistle. For Weherspoon's it is nicely furnished.
Oli Smith,Local Guide,"Thursday, May 31, 2018 09:47:49",6 reviews, 1 star ,"Food was poor, dry and tasteless, drinks were weak, dirty cups, service miserable, not £16 worth of a fry up and a drink!"
Ismael Alabado,Local Guide,"Thursday, May 31, 2018 09:47:49",2 reviews, 1 star ,Bad food  good beer... but I was here for the food ( yesterday's fries?) thanks but no thanks .
Zach Emerson,Local Guide,"Saturday, June 01, 2019 03:36:35",585 reviews, 4 stars ,The Beehive is a quick easy pub for you to go to before catching a flight however it can get very busy.
Callum Duncan,Local Guide,"Saturday, June 01, 2019 03:36:35",  199 reviews, 4 stars ,A wetherspoons at an airport. What ypu would expect. Limited menu and slightly more pricey than usual. Still the cheapest option pre security for a meal.
Spider Stevens,Local Guide,"Saturday, June 01, 2019 03:36:35",  38 reviews, 3 stars ,"Airport bar so sometimes you have to wait to find a Seat,  staff are very Pleasant and a good range of real ales"
Rafael Martinez Villalgordo,Local Guide,"Sunday, May 31, 2020 09:25:21",  334 reviews, 2 stars ,"Restaurant of the Wetherspoon chain, which is faithful to the image of this chain. Semi-prepared food, not very good, abundant and expensive."
Jamie Jones,Local Guide,"Sunday, May 31, 2020 09:25:21",15 reviews, 5 stars ,"The Beehive serves decent beer and food all night @ Gatwick south terminal arrivals, no complaints"
Matt Billington,Local Guide,"Saturday, June 01, 2019 03:36:35",  57 reviews, 4 stars ,"It's a wetherspoons. Decent food, better than decent beers and decent prices. Especially for an airport location."
Christopher Bevis,Local Guide,"Saturday, June 01, 2019 03:36:35",  17 reviews, 4 stars ,"I don't normally associate being at an airport with being able to relax and enjoy my food, but this Wetherspoons outlet is friendly yet understanding towards those in a hurry. Fortunately, this time my wife and I were on the journey home …"
Daniel Thomas,Local Guide,"Saturday, June 01, 2019 03:36:35",  48 reviews, 5 stars ,Great food easy to order with app
Susan Griffiths,Local Guide,"Saturday, June 01, 2019 03:36:35",  217 reviews, 4 stars ,"Good place, but very very busy."
Geoffrey Higginson,Local Guide,"Saturday, June 01, 2019 03:36:35",  137 reviews, 5 stars ,A great little restaurant in Gatwick south
Douglass Brown,Local Guide,"Saturday, June 01, 2019 03:36:35",  96 reviews, 4 stars ,Nice selection of gins to choose from. Great staff.
Jacqueline Macleod,Local Guide,"Saturday, June 01, 2019 03:36:35",1 review, 5 stars ,Amazing food and the staff were so lovely and hardworking xx lovely clean tables and smily faces xx how refreshing xxx
Andrius Ilgauskas,Local Guide,"Saturday, June 01, 2019 03:36:35",5 reviews, 1 star ,"The reviews don't lie. Burger had 3 times frozen chicken, it tasted like welingtons, ""salad"" in the burger was a torn up leaf of who knows what, buns were soggy and chips were cold and reheated. Would not recommend comming here ever."
Matthew Massoud Elhami,Local Guide,"Saturday, June 01, 2019 03:36:35",  284 reviews, 3 stars ,This is only good location in Gatwick to eat immediately.
Alan Salmon,Local Guide,"Sunday, May 31, 2020 09:25:21",  82 reviews, 3 stars ,"Somewhat expensive for a spoon, and none of the meals include a drink, but I guess not bad for an airport"
glenn dudley,Local Guide,"Saturday, June 01, 2019 03:36:35",  58 reviews, 1 star ,Overpriced small portions cold food
Sandro Vila Nova,Local Guide,"Saturday, June 01, 2019 03:36:35",  60 reviews, 4 stars ,A efficient team and a delicious british traditional break fast.
Alireza Yousefi Afrooz,Local Guide,"Saturday, June 01, 2019 03:36:35",  70 reviews, 1 star ,"Orders are not taken at table but need you to have a table number to order food !! Basically, no respect for customers specially those travelling alone 😕"
Rachael B,Local Guide,"Saturday, June 01, 2019 03:36:35",  20 reviews, 5 stars ,The beehive at Gatwick is great but always busy.  Very clean for a 'spoons and same great food deals as on the high street
Mike Jones,Local Guide,"Saturday, June 01, 2019 03:36:35",  50 reviews, 3 stars ,"The better of the two Wetherspoons at the South Terminal. However, as it is landside you'll need to leave time to pass through security."
Rachel King,Local Guide,"Sunday, May 31, 2020 09:25:21",  16 reviews, 5 stars ,"Lovely atmosphere, good selection of drinks. Seemed very popular"
Pauline Oldfield,Local Guide,"Saturday, June 01, 2019 03:36:35",  132 reviews, 5 stars ,"Loved it here. Wetherspoons are great value for money.
All the staff here were very friendly and helpful 👍 x"
Gerry Everitt,Local Guide,"Saturday, June 01, 2019 03:36:35",4 reviews, 3 stars ,"So at the door it advertises table service, except you have to go to the counter to order your food, you pick up your  coffee at the end of the counter. Admittedly your food is brought to the table but that is probably because you can't …"
Dave Consalvi,Local Guide,"Sunday, May 31, 2020 09:25:21",5 reviews, 3 stars ,It allows you to stay there as long as you like while waiting for your delayed flight
Kevin Morley,Local Guide,"Saturday, June 01, 2019 03:36:35",  48 reviews, 5 stars ,A good place to stop . Excellent service and very good food. Could do with a stronger ale.
Alan Blanchflower,Local Guide,"Saturday, June 01, 2019 03:36:35",  54 reviews, 4 stars ,Busy pub in the airport handy if you just need a quick bite before going through security
Alba //,Local Guide,"Monday, May 31, 2021 03:14:07",  152 reviews, 5 stars ,"Good food, nice seats, fast and cheap."
Sir Edington's this n that UK,Local Guide,"Thursday, May 31, 2018 09:47:49",  321 reviews, 3 stars ,Food is double the price of a high street wetherspoon and a lot less of it too.
Chris - photography by design,Local Guide,"Saturday, June 01, 2019 03:36:35",13 reviews, 5 stars ,"Great  ""Full English"" breakfast, recommend."
Indrė Marcinkevičiūtė,Local Guide,"Saturday, June 01, 2019 03:36:35",  14 reviews, 1 star ,If microwaved and a month old frozen 12£ meals are your cup of tea- you've come to the right place
Richard Foster,Local Guide,"Saturday, June 01, 2019 03:36:35",  8 reviews, 3 stars ,Very basic menu - but does the job
Tyler Dancey,Local Guide,"Sunday, May 31, 2020 09:25:21",2 reviews, 5 stars ,"Nice, friendly staff and great tasting food. The atmosphere is great"
paul Read,Local Guide,"Saturday, June 01, 2019 03:36:35",  7 reviews, 2 stars ,Very expensive Wetherspoons pub at gatwick airport .  No free refills on hot drinks !
Piotr Tierling,Local Guide,"Tuesday, May 31, 2016 10:10:17",  56 reviews, 5 stars ,"Very atmospheric place, if you are waiting for the plane would recommend you enter there to order a good food and beer"
Carole Courtillé,Local Guide,"Thursday, May 31, 2018 09:47:49",3 reviews, 1 star ,"Very bad food
Good service"
Paul Darby,Local Guide,"Saturday, June 01, 2019 03:36:35",  360 reviews, 2 stars ,Friendly staff but airport rip off prices. £15 for a burger and beer in Wetherspoons!
Colin Jarrold,Local Guide,"Sunday, May 31, 2020 09:25:21",2 reviews, 1 star ,Paid for food on the app but it never came so loss my money as it is not protected by PayPal.
Zack Ladner,Local Guide,"Saturday, June 01, 2019 03:36:35",  21 reviews, 3 stars ,"Decent beer decent burger, just wish you didnt have to download an app"
Scott Henderson,Local Guide,"Saturday, June 01, 2019 03:36:35",  339 reviews, 4 stars ,Good service. The prices are about correct for Gatwick airport. We would return.
Steve odonoghue,Local Guide,"Thursday, May 31, 2018 09:47:49",  43 reviews, 2 stars ,I know it's in an airport but it's damn expensive compared to their high street pubs. Should be illegal to overcharge like that. Service was ok though.
G_a_z S.F.C,Local Guide,"Saturday, June 01, 2019 03:36:35",50 reviews, 2 stars ,"Rating solely based on the attitude of one of the females in charge. Lucky I gave 2 stars! Back in March when I travelled There seemed to be an older one and younger one in charge. Assuming this as they had blouses on, and not the standard …"
Nick G,Local Guide,"Tuesday, May 31, 2016 10:10:17",14 reviews, 5 stars ,"Love their thick cut fries and their burgers are juicy! Also, very sweet staff."
andreea hansen,Local Guide,"Saturday, June 01, 2019 03:36:35",  29 reviews, 5 stars ,"Incredible customer service from the team leader.
The team is all nice and efficient. Felt very very happy here."
Super Save IT,Local Guide,"Sunday, May 31, 2020 09:25:21",1 review, 5 stars ,I came in without expecting much but I was surprised with the quantity of food it came out. Reasonable price with pint of beer for 5.25. Chicken wing with 10 big juicy chicken pieces that’s way more than I thought it would be. Food quality …
Paul Dawson,Local Guide,"Sunday, May 31, 2020 09:25:21",  206 reviews, 3 stars ,Chicken wings were way too spicy and weren't advertised as being so ..
Andy Rasmussen,Local Guide,"Saturday, June 01, 2019 03:36:35",  47 reviews, 1 star ,"Probably the worst experience for a basic burger and fries that I have had during my stay in London. I thought the Cafe at the Warner Brothers Studio was bad (Although the tour itself was fantastic), but this one really takes the cake. The …"
Peter Gore,Local Guide,"Sunday, May 31, 2020 09:25:21",22 reviews, 4 stars ,Bustling Wetherspoon at South terminal. More expensive than the local high street but good service and reasonable value.
Stephen Armstrong,Local Guide,"Saturday, June 01, 2019 03:36:35",  128 reviews, 4 stars ,"The most expensive spoons I've ever been to, usual quality though so not all bad."
Paddy Darmody,Local Guide,"Thursday, May 31, 2018 09:47:49",1 review, 4 stars ,"My pie was lovely, pity the company policy is pro-Brexit when it is expanding outside the U.K. !"
SMG,Local Guide,"Saturday, June 01, 2019 03:36:35",  39 reviews, 3 stars ,Reasonable prices for the airport. Can be a difficult to find seats for a family.
Caroline Swales,Local Guide,"Saturday, June 01, 2019 03:36:35",  27 reviews, 5 stars ,Cheap good food.
Kathy Ollis-Brown,Local Guide,"Saturday, June 01, 2019 03:36:35",  39 reviews, 3 stars ,Good choice of proper beer
Harry Singer,Local Guide,"Thursday, May 31, 2018 09:47:49",  79 reviews, 5 stars ,"Very good even by Wetherspoon standards. Easy to access, bright and airy with friendly staff."
Ola Goodall,Local Guide,"Sunday, May 31, 2020 09:25:21",  60 reviews, 5 stars ,Kitchen open till 11pm. Bar open 24/7 how handy lol
Ben Armacost,Local Guide,"Saturday, June 01, 2019 03:36:35",  153 reviews, 5 stars ,"Great Wetherspoon pub, and one of the few quiet places at the airport to enjoy a meal."
barbara garth,Local Guide,"Saturday, June 01, 2019 03:36:35",  55 reviews, 5 stars ,"Nice friendly staff, shame food was warm and not hot, went cold quickly, nobody eats that quick to ensure all warm before eating."
Dean McBride,Local Guide,"Saturday, June 01, 2019 03:36:35",886 reviews, 5 stars ,Awesome.  At Gatwick Airport for my flight to Hong Kong.  I came for the famous bacon butty at the Wetherpoon; tastylicious & yummy! …
vatsal mehta,Local Guide,"Sunday, May 31, 2020 09:25:21",  16 reviews, 1 star ,food was terrible and for the price they charge you can definitely do better
Michael Buckle,Local Guide,"Thursday, May 31, 2018 09:47:49",20 reviews, 5 stars ,"Good atmosphere, relaxing, plenty of seating, reasonable prices."
Liz Bell,Local Guide,"Saturday, June 01, 2019 03:36:35",  51 reviews, 5 stars ,Surprisingly fast service for an airport sit down restaurant.
Steve Kelly,Local Guide,"Sunday, May 31, 2020 09:25:21",  146 reviews, 3 stars ,Expensive Wetherspoons very restricted menu better off going across the aisle to Giraffe
Dale Hamilton,Local Guide,"Saturday, June 01, 2019 03:36:35",  9 reviews, 5 stars ,Cheap place to go before a flight. Not many if any places to charge your phone.
Paul Bailey,Local Guide,"Sunday, May 31, 2020 09:25:21",  54 reviews, 3 stars ,"Good service, beer ok, food acceptable"
Sam Wainwright,Local Guide,"Tuesday, May 31, 2016 10:10:17",1 review, 1 star ,I complained about my meal and was basically told to lump it. Poor food and poor service.
Jazz Purr,Local Guide,"Sunday, May 31, 2020 09:25:21",  53 reviews, 4 stars ,Open all night great for travellers
Lawrence Day,Local Guide,"Sunday, May 31, 2020 09:25:21",  34 reviews, 5 stars ,A weatherspoons pub you know what you are getting. But beware the prices are much higher because it's in the AIRPORT
Liam Timmons,Local Guide,"Saturday, June 01, 2019 03:36:35",  44 reviews, 3 stars ,"Food only ok, fast though. Service was good."
Robin Shannan,Local Guide,"Saturday, June 01, 2019 03:36:35",  74 reviews, 4 stars ,"For an airport, Gatwick, pub, pre-airside, the Beehive has a pleasant ambience, very efficient and friendly staff and a great choice of beers, wines and spirits.  These are all superb value for money in town, in an large international airport, incredible! The Portobello gin with included tonic just amazing."
Darren Carter,Local Guide,"Sunday, May 31, 2020 09:25:21",  45 reviews, 5 stars ,Great food at good prices for a airport
andrew mckenzie,Local Guide,"Saturday, June 01, 2019 03:36:35",1 review, 4 stars ,Not a bad for an airport restaurant and pleasant  staff.
MusicFan,Local Guide,"Saturday, June 01, 2019 03:36:35",7 reviews, 5 stars ,Brill for a last Full English for a while when going away !
Andrew,Local Guide,"Saturday, June 01, 2019 03:36:35",12 reviews, 5 stars ,Great airport pub whether travelling or just passing through.
isa koala,Local Guide,"Saturday, June 01, 2019 03:36:35",  26 reviews, 5 stars ,A haven of britishness when you are castaway in the airport!
Ryan Mylum,Local Guide,"Saturday, June 01, 2019 03:36:35",  41 reviews, 2 stars ,Just your average spoons but about 4 times more expensive
rebecca phipps,Local Guide,"Saturday, June 01, 2019 03:36:35",1 review, 3 stars ,It's ok for basic meals at decent prices
Jonathan Beck,Local Guide,"Saturday, June 01, 2019 03:36:35",  121 reviews, 3 stars ,Alright for a quick beer when waiting for the train.  Breakfast was okay too.
Ian Newell,Local Guide,"Saturday, June 01, 2019 03:36:35",  35 reviews, 5 stars ,Can't go wrong with a weather spoons especially in the airport.
Ashwani Stevens,Local Guide,"Thursday, May 31, 2018 09:47:49",  120 reviews, 1 star ,"Shame how some staff let the others down, vile service at the bar, she should not be working in customer service with an attitude like that!"
Radu Grama,Local Guide,"Thursday, May 31, 2018 09:47:49",  60 reviews, 1 star ,Pretty bad coffee and breakfast.
Gord Wallis,Local Guide,"Saturday, June 01, 2019 03:36:35",4 reviews, 5 stars ,Good food and great spot to watch the planes coming in
Mark Butterfield,Local Guide,"Sunday, May 31, 2020 09:25:21",  61 reviews, 3 stars ,"Not too bad, the food is very average"
Peter McCormick,Local Guide,"Saturday, June 01, 2019 03:36:35",4 reviews, 3 stars ,Nice staff but very poor breakfast.
Mark Gillespie,Local Guide,"Thursday, May 31, 2018 09:47:49",  518 reviews, 1 star ,"£24 for 2 breakfasts, most of which was precooked and reheated. Avoid"
Trevor Darlington,Local Guide,"Sunday, May 31, 2020 09:25:21",109 reviews, 1 star ,Its Gatwick rip off prices so beware take plenty of money with you£€£€£€£$$£€ your prices is not only higher they are sky high prices we are the public we ain't there to be ripped off with high prices sorry
Clive Brecknell,Local Guide,"Thursday, May 31, 2018 09:47:49",  32 reviews, 4 stars ,Food ok. Best part is the late opening!
Don McCormick,Local Guide,"Saturday, June 01, 2019 03:36:35",  214 reviews, 4 stars ,Good food although quite expensive for a wetherspoons as it's at Gatwick
Tom Edwards,Local Guide,"Tuesday, May 31, 2016 10:10:17",  18 reviews, 1 star ,"So so bad... Burger was a joke, chips cold and a half chewed peanut in my pint... Save a tenner and go to maccers"
Ana Cardoso Cachopo,Local Guide,"Wednesday, May 31, 2017 03:59:03",  819 reviews, 3 stars ,Went there for dessert: Sticky Toffee Pudding. Not too bad...
Stuart Howitt,Local Guide,"Saturday, June 01, 2019 03:36:35",  30 reviews, 4 stars ,Great pint of Guinness with very friendly staff.
Piotr Kruszewski,Local Guide,"Saturday, June 01, 2019 03:36:35",  52 reviews, 5 stars ,Best Pub in Gatwick South
Rakesh Tiwari,Local Guide,"Saturday, June 01, 2019 03:36:35",  17 reviews, 4 stars ,Not bad for london pricing. Service was good
Frances Marks,Local Guide,"Saturday, June 01, 2019 03:36:35",18 reviews, 4 stars ,Food was hot and lovely friendly staff
Gema Cajas Ferrer,Local Guide,"Saturday, June 01, 2019 03:36:35",  85 reviews, 5 stars ,Really nice please and nice good:)
Thomas G Falconer,Local Guide,"Saturday, June 01, 2019 03:36:35",  99 reviews, 4 stars ,Fast and efficient service from friendly staff at a fair price. Thank you
Maria S,Local Guide,"Sunday, May 31, 2020 09:25:21",32 reviews, 2 stars ,Food is below par. Staff try but it is what it is. Not for us.
David Parkes,Local Guide,"Saturday, June 01, 2019 03:36:35",97 reviews, 5 stars ,Great pub to relax before or after your flights
Julian Hill,Local Guide,"Thursday, May 31, 2018 09:47:49",  738 reviews, 5 stars ,"Nice , but pricier than most Wetherspoons"
David Trott,Local Guide,"Saturday, June 01, 2019 03:36:35",  132 reviews, 5 stars ,Good value for money steak day tuesday
Paul Webber,Local Guide,"Saturday, June 01, 2019 03:36:35",13 reviews, 5 stars ,"Whether spoons - cheap food, cheap drink"
Henrik Øvrebø,Local Guide,"Thursday, May 31, 2018 09:47:49",  21 reviews, 3 stars ,Dry chicken and ok dishes. Good beer tho
Jack,Local Guide,"Saturday, June 01, 2019 03:36:35",14 reviews, 1 star ,Must have been a mistake on my part. Don't like them nor their customers.
Steve Davis,Local Guide,"Saturday, June 01, 2019 03:36:35",  21 reviews, 4 stars ,Food was okay and reasonable price
MGO,Local Guide,"Saturday, June 01, 2019 03:36:35",9 reviews, 5 stars ,Amazing. Fast service. Good food
Julie Kempen,Local Guide,"Saturday, June 01, 2019 03:36:35",  338 reviews, 3 stars ,"Busy. Friendly. As it's located at Gatwick, normal Wetherspoons'prices do not apply!"
Carmen Marshall,Local Guide,"Saturday, June 01, 2019 03:36:35",10 reviews, 2 stars ,Food only adequate and drinks really expensive.
Brian Holden,Local Guide,"Saturday, June 01, 2019 03:36:35",  31 reviews, 5 stars ,Good food and sensible prices
lynn fitzwater,Local Guide,"Saturday, June 01, 2019 03:36:35",  99 reviews, 4 stars ,Very good for airport food.
Liam w,Local Guide,"Saturday, June 01, 2019 03:36:35",  25 reviews, 4 stars ,Good for a bite to eat before going through security
Chris Connolly,Local Guide,"Saturday, June 01, 2019 03:36:35",  36 reviews, 4 stars ,Always visit when in Gatwick good quick wholesome breakfast
Andy Murrell,Local Guide,"Sunday, May 31, 2020 09:25:21",  20 reviews, 5 stars ,The app makes it so much easier when travelling solo
Vanessa Lee (Ting),Local Guide,"Saturday, June 01, 2019 03:36:35",3 reviews, 3 stars ,"Average food, served by unfriendly staff :(("
Peter Evans,Local Guide,"Saturday, June 01, 2019 03:36:35",35 reviews, 5 stars ,Great food!
Sue Speiser,Local Guide,"Saturday, June 01, 2019 03:36:35",7 reviews, 5 stars ,Had a lovely breakfast staff are lovely and helpful
Mark Hatch,Local Guide,"Sunday, May 31, 2020 09:25:21",  132 reviews, 5 stars ,Great place.
John Bishop,Local Guide,"Saturday, June 01, 2019 03:36:35",  124 reviews, 4 stars ,Busy airport pub with standard Weatherspoons fare and beers. It is what it is.
Mike Dowd,Local Guide,"Saturday, June 01, 2019 03:36:35",  86 reviews, 5 stars ,Service good food arrived quickly
Graeme MacLeod,Local Guide,"Saturday, June 01, 2019 03:36:35",  21 reviews, 4 stars ,"Good atmosphere, typical Wetherspoons offering"
Katrin Hübert,Local Guide,"Saturday, June 01, 2019 03:36:35",  44 reviews, 3 stars ,Always visiting the Beehive when travelling to or from Gatwick! This is the view out to the arrival area.
Emily Marchant,Local Guide,"Saturday, June 01, 2019 03:36:35",  57 reviews, 4 stars ,Prompt and efficient but rather expensive
Sean Coltman,Local Guide,"Wednesday, May 31, 2017 03:59:03",  27 reviews, 2 stars ,Had coffee. It was horrible.
Alex Ricketts,Local Guide,"Sunday, May 31, 2020 09:25:21",164 reviews, 5 stars ,Good efficient service even though it was busy.
Alfie Clayton,Local Guide,"Saturday, June 01, 2019 03:36:35",  89 reviews, 3 stars ,Cold breakfast. .but nice staff
Nithin Kumar Gone,Local Guide,"Sunday, May 31, 2020 09:25:21",  117 reviews, 4 stars ,Nice place Nd great menu
Stuart Townsend,Local Guide,"Sunday, May 31, 2020 09:25:21",13 reviews, 4 stars ,Quick service. Food good
Jo Skitt,Local Guide,"Saturday, June 01, 2019 03:36:35",  51 reviews, 5 stars ,Great place to relax pre flight.
Joe Mcmonagle,Local Guide,"Saturday, June 01, 2019 03:36:35",  21 reviews, 4 stars ,It's a Wetherspoons in an airport
Matt Law,Local Guide,"Thursday, May 31, 2018 09:47:49",  527 reviews, 2 stars ,Menu options looked awful for vegetarians. Have it a miss
Ollie Laughton,Local Guide,"Saturday, June 01, 2019 03:36:35",  38 reviews, 5 stars ,Quick beer after check in to start the holiday!
Michael Ambrose,Local Guide,"Sunday, May 31, 2020 09:25:21",  56 reviews, 1 star ,Very rude staff. Terrible customer service.
Ernesto Foglio,Local Guide,"Saturday, June 01, 2019 03:36:35",  77 reviews, 4 stars ,All good. Just your average Wetherspoon
Del Del,Local Guide,"Saturday, June 01, 2019 03:36:35",  24 reviews, 5 stars ,Get some decent pub grub and a pint
Peter Harris,Local Guide,"Sunday, May 31, 2020 09:25:21",6 reviews, 3 stars ,When there's no where else to go for a beer what can you do
Ionut Ene,Local Guide,"Saturday, June 01, 2019 03:36:35",3 reviews, 5 stars ,Very nice staff and food!
Aj Hawkfield,Local Guide,"Thursday, May 31, 2018 09:47:49",  42 reviews, 5 stars ,A great place to meet your friends or family
Nollan nollson,Local Guide,"Wednesday, May 31, 2017 03:59:03",1 review, 1 star ,Worst f*ing burger on the entire planet which we call earth.
Pat Redman,Local Guide,"Wednesday, May 31, 2017 03:59:03",2 reviews, 1 star ,Cold food.no room. People passing chairs over you while trying to eat. Avoid.
Aaron Groves,Local Guide,"Saturday, June 01, 2019 03:36:35",31 reviews, 5 stars ,"Excellent staff, good beer."
Allan Hall,Local Guide,"Sunday, May 31, 2020 09:25:21",  28 reviews, 5 stars ,Great atmosphere
Andy Black,Local Guide,"Saturday, June 01, 2019 03:36:35",  77 reviews, 3 stars ,As you would expect
이수진,Local Guide,"Thursday, May 31, 2018 09:47:49",16 reviews, 3 stars ,Cheap!!! I love vegie breakfaat
Garry Chynoweth,Local Guide,"Saturday, June 01, 2019 03:36:35",24 reviews, 4 stars ,Great food and drinks.
chris cocklin,Local Guide,"Saturday, June 01, 2019 03:36:35",  20 reviews, 4 stars ,My Gatwick go to pub
Favio Farinella,Local Guide,"Saturday, June 01, 2019 03:36:35",  63 reviews, 4 stars ,"Fast, open 7 to 7 healthy options"
King Noctis,Local Guide,"Saturday, June 01, 2019 03:36:35",  113 reviews, 5 stars ,Awesome place to eat breakfast
Tim Garrett,Local Guide,"Saturday, June 01, 2019 03:36:35",  119 reviews, 4 stars ,Good place to kill time at Gatwick.
Andres Gutierrez,Local Guide,"Saturday, June 01, 2019 03:36:35",  167 reviews, 5 stars ,Quick and easy when at the airport
Derek Phillips,Local Guide,"Thursday, May 31, 2018 09:47:49",  90 reviews, 4 stars ,"A good pub for food and a drink,"
Gary West,Local Guide,"Saturday, June 01, 2019 03:36:35",2 reviews, 1 star ,"Full idiots getting drunk before flying, dick heads"
Neil R,Local Guide,"Saturday, June 01, 2019 03:36:35",  50 reviews, 4 stars ,Food okay but pricy
Ljubica Banic,Local Guide,"Tuesday, May 31, 2016 10:10:17",  481 reviews, 1 star ,"Terrible food, terrible service , very expensive"
Martin Poore,Local Guide,"Saturday, June 01, 2019 03:36:35",70 reviews, 2 stars ,Very expence beat in mind its whetherspoons
kevin DOWER,Local Guide,"Saturday, June 01, 2019 03:36:35",  11 reviews, 5 stars ,Comfortable place and reasonably priced
Ian Pattie,Local Guide,"Saturday, June 01, 2019 03:36:35",11 reviews, 1 star ,Very poor compared to most Wetherspoons
Siegfried Moherndl,Local Guide,"Saturday, June 01, 2019 03:36:35",  67 reviews, 5 stars ,Beer good price poor
Wayne Evans,Local Guide,"Saturday, June 01, 2019 03:36:35",  42 reviews, 5 stars ,Quucke food and beer in preparation for a flight.
fox c,Local Guide,"Wednesday, May 31, 2017 03:59:03",  427 reviews, 3 stars ,Reasonable prices meals.
colin herte,Local Guide,"Saturday, June 01, 2019 03:36:35",4 reviews, 2 stars ,No decent beer as run out
Michael Noel,Local Guide,"Saturday, June 01, 2019 03:36:35",13 reviews, 4 stars ,Nice place to start your holiday.
Christiaan Maritz,Local Guide,"Saturday, June 01, 2019 03:36:35",  16 reviews, 2 stars ,"Expensive, food overcooked, dry and tasteless"
james mac,Local Guide,"Saturday, June 01, 2019 03:36:35",  36 reviews, 4 stars ,Great service
Kevin cooney,Local Guide,"Sunday, May 31, 2020 09:25:21",83 reviews, 4 stars ,Ideal for a visit before a holiday
Elizabeth De Andrade,Local Guide,"Saturday, June 01, 2019 03:36:35",  19 reviews, 5 stars ,Good people
Janet Fisher,Local Guide,"Tuesday, May 31, 2016 10:10:17",2 reviews, 5 stars ,Excellent service and eggs benedict
roy bray,Local Guide,"Saturday, June 01, 2019 03:36:35",  342 reviews, 4 stars ,Good for an airport place
Ивайло Рашев,Local Guide,"Saturday, June 01, 2019 03:36:35",  86 reviews, 3 stars ,Good bar for an Airport
Nicola Parker,Local Guide,"Thursday, May 31, 2018 09:47:49",  204 reviews, 4 stars ,"Good service, fast and friendly"
JUNX Choi,Local Guide,"Saturday, June 01, 2019 03:36:35",  96 reviews, 3 stars ,cheap eats. bad coffee...
Pamela Saranpaa,Local Guide,"Saturday, June 01, 2019 03:36:35",  18 reviews, 4 stars ,Great place to go on a layover!
owen wilson,Local Guide,"Saturday, June 01, 2019 03:36:35",  269 reviews, 3 stars ,Nice before getting on a flight
Lorna Ramsay (Rams),Local Guide,"Saturday, June 01, 2019 03:36:35",15 reviews, 5 stars ,Very nice food
g george,Local Guide,"Sunday, May 31, 2020 09:25:21",  17 reviews, 5 stars ,Nice food
Cintra Michael,Local Guide,"Thursday, May 31, 2018 09:47:49",5 reviews, 5 stars ,Simple Meal after interviews
Julian Boniface,Local Guide,"Saturday, June 01, 2019 03:36:35",  34 reviews, 4 stars ,Handy for departures
Tom Foot,Local Guide,"Saturday, June 01, 2019 03:36:35",  37 reviews, 4 stars ,Exactly what you expect from a spoons.
Darren Tyler,Local Guide,"Sunday, May 31, 2020 09:25:21",  87 reviews, 4 stars ,Beer airport
N Rose,Local Guide,"Saturday, June 01, 2019 03:36:35",  45 reviews, 5 stars ,Good food
glyn evans,Local Guide,"Thursday, May 31, 2018 09:47:49",  240 reviews, 3 stars ,Burger good chips soggy
Philip Boddy,Local Guide,"Saturday, June 01, 2019 03:36:35",  52 reviews, 5 stars ,Very gòod
Grace Fields,Local Guide,"Saturday, June 01, 2019 03:36:35",  453 reviews, 5 stars ,Great breakfast.x
Paul Cheesman,Local Guide,"Sunday, May 31, 2020 09:25:21",  70 reviews, 4 stars ,It's open at 05:00
José A.,Local Guide,"Sunday, May 31, 2020 09:25:21",4 reviews, 5 stars ,The best team at Gatwick 🤘💪
A de Ángel,Local Guide,"Saturday, June 01, 2019 03:36:35",  29 reviews, 5 stars ,Must go!
Julian Davies,Local Guide,"Saturday, June 01, 2019 03:36:35",  126 reviews, 5 stars ,Cheap as airport's go
Tim Dodd,Local Guide,"Saturday, June 01, 2019 03:36:35",  194 reviews, 5 stars ,A lovely place very friendly
Lisa Feasby,Local Guide,"Sunday, May 31, 2020 09:25:21",  128 reviews, 4 stars ,Nice place to meet friends
Anders Jensen,Local Guide,"Saturday, June 01, 2019 03:36:35",  22 reviews, 4 stars ,Friendly and helpful personal.
Ian Kenvyn,Local Guide,"Saturday, June 01, 2019 03:36:35",  179 reviews, 4 stars ,Sound selection for airport
LEGEND GAMING,Local Guide,"Sunday, May 31, 2020 09:25:21",  95 reviews, 5 stars ,Its a beehive
Aleksandra Pietrzak-Mantiuk,Local Guide,"Saturday, June 01, 2019 03:36:35",  46 reviews, 5 stars ,Fast and good quality
Paul S,Local Guide,"Saturday, June 01, 2019 03:36:35",39 reviews, 4 stars ,Ok but short on stuff
san san,Local Guide,"Saturday, June 01, 2019 03:36:35",  70 reviews, 5 stars ,Efficient good and friendly
Bernice Carter,Local Guide,"Thursday, May 31, 2018 09:47:49",  17 reviews, 3 stars ,Good do with updating
frazerco,Local Guide,"Sunday, May 31, 2020 09:25:21",15 reviews, 5 stars ,Lovely breakfast
Max Hayter,Local Guide,"Saturday, June 01, 2019 03:36:35",  50 reviews, 4 stars ,Cosy. Good view.
marcelo demarques,Local Guide,"Saturday, June 01, 2019 03:36:35",  90 reviews, 1 star ,Nothing change
Donna Mozes,Local Guide,"Thursday, May 31, 2018 09:47:49",5 reviews, 3 stars ,Food was ok
Nathan “Hookey” LIster,Local Guide,"Saturday, June 01, 2019 03:36:35",  52 reviews, 5 stars ,"Professional, smart and clean"
Vadim Paterau,Local Guide,"Saturday, June 01, 2019 03:36:35",  7 reviews, 5 stars ,very frendly staff
Tamas Bernath,Local Guide,"Sunday, May 31, 2020 09:25:21",  49 reviews, 5 stars ,Great food
Mr Grumps,Local Guide,"Thursday, May 31, 2018 09:47:49",  108 reviews, 4 stars ,Had breakfast not bad not forgetting it is in the Airport so prices are higher but small fryup was good filter coffee good food was served hot ideal just before a flight.
Dale Robertson,Local Guide,"Sunday, May 31, 2020 09:25:21",  16 reviews, 3 stars ,Spenny
Diana Boariu,Local Guide,"Sunday, May 31, 2020 09:25:21",  11 reviews, 5 stars ,Good burger
Rebecca Mazrreku,Local Guide,"Saturday, June 01, 2019 03:36:35",  87 reviews, 3 stars ,Ok place to eat
Sammie Chatts,Local Guide,"Saturday, June 01, 2019 03:36:35",  50 reviews, 3 stars ,Typical wetherspoons
TERESA MATOS,Local Guide,"Sunday, May 31, 2020 09:25:21",  72 reviews, 4 stars ,I just like
Massoud Elhami,Local Guide,"Saturday, June 01, 2019 03:36:35",  188 reviews, 3 stars ,Nice
Jojan Mathew,Local Guide,"Saturday, June 01, 2019 03:36:35",  46 reviews, 3 stars ,Price very high
Alessandro Florio,Local Guide,"Saturday, June 01, 2019 03:36:35",  127 reviews, 4 stars ,Classic wetherspoon's
Antonio J. Jara,Local Guide,"Saturday, June 01, 2019 03:36:35",  177 reviews, 5 stars ,Good good and service
1 ugly crazy roboT,Local Guide,"Sunday, May 31, 2020 09:25:21",  200 reviews, 1 star ,Poor
Sharon Eade,Local Guide,"Saturday, June 01, 2019 03:36:35",6 reviews, 5 stars ,Quick service
k Mckiernan,Local Guide,"Thursday, May 31, 2018 09:47:49",  6 reviews, 1 star ,Joke
Holly Miles,Local Guide,"Saturday, May 31, 2014 10:32:45",8 reviews, 5 stars ,Really yummy
Zoe & Matt Perry,Local Guide,"Saturday, June 01, 2019 03:36:35",  89 reviews, 1 star ,Hardly and beer on!
peter Gilmour,Local Guide,"Sunday, May 31, 2020 09:25:21",  99 reviews, 5 stars ,Excellent lication
Guillermo Collins,Local Guide,"Saturday, June 01, 2019 03:36:35",  23 reviews, 4 stars ,Tidu and nice
Jonathan Horrocks,Local Guide,"Thursday, May 31, 2018 09:47:49",1 review, 1 star ,To expensive
Viki Kuo,Local Guide,"Saturday, June 01, 2019 03:36:35",  179 reviews, 4 stars ,"(Translated by Google) Just above the arrival hall, the location is very convenient, the service is kind, and the price is reasonable. …"
jeannette lütolf,Local Guide,"Sunday, May 31, 2020 09:25:21",  51 reviews, 5 stars ,(Translated by Google) Always our highlight after landing in our favorite city ... …
estelle pladys,Local Guide,"Thursday, May 31, 2018 09:47:49",  109 reviews, 4 stars ,"(Translated by Google) A waitress who speaks French ... It's good to order

(Original) …"
C,Local Guide,"Saturday, June 01, 2019 03:36:35",  244 reviews, 3 stars ,"(Translated by Google) Useful for a quick meal while waiting for the plane. Mainly serves burger, fries, not cheap but still average. Large portions …"
Asuman Güntay,Local Guide,"Thursday, May 31, 2018 09:47:49",  976 reviews, 3 stars ,(Translated by Google) Comfortable and attractive restaurant & bar in London Gatwich Airport South Harbor .. There are also affordable fix food menus. …
felix zaragoza,Local Guide,"Saturday, June 01, 2019 03:36:35",  156 reviews, 5 stars ,"(Translated by Google) Good tavern belonging to the Wetherspoon group.
Ideal for a drink, lunch or dinner before leaving London.
Although it is in the airport terminal it seems that you are still in London …"
Andrea Ágredas Marco,Local Guide,"Saturday, June 01, 2019 03:36:35",  10 reviews, 3 stars ,"(Translated by Google) It is a good place and the food is delicious as well as having good views in the innermost part of the restaurant, but it is a bit overwhelming since the tables are very close to each other and it is a ruckus because …"
Beatriz,Local Guide,"Saturday, June 01, 2019 03:36:35",8 reviews, 4 stars ,(Translated by Google) Good breakfast. Nice staff. Recommended for spending time in a comfortable place at the airport. …
Agustí Arráez,Local Guide,"Saturday, June 01, 2019 03:36:35",  270 reviews, 4 stars ,"(Translated by Google) Very good Bar / Pub

(Original)
Muy buen Bar/Pub"
Jackeline Villavicencio,Local Guide,"Saturday, June 01, 2019 03:36:35",  53 reviews, 5 stars ,"(Translated by Google) The Benedict eggs with champinognes were spectacular!

(Original) …"
민승기,Local Guide,"Saturday, June 01, 2019 03:36:35",10 reviews, 3 stars ,"(Translated by Google) Bagels are delicious but force a tip

(Original)
베이글은 맛있는 편이나 팁을 강요함"
Brendon “Brendon” Junior,Local Guide,"Saturday, June 01, 2019 03:36:35",  11 reviews, 5 stars ,(Translated by Google) Incredible childhood and adolescence home of my idol Morrissey …
Marco Giunti,Local Guide,"Saturday, June 01, 2019 03:36:35",  145 reviews, 5 stars ,"(Translated by Google) English but the food is good.

(Original)
Inglese ma si mangia bene."
Pierre Charles,Local Guide,"Saturday, June 01, 2019 03:36:35",  180 reviews, 5 stars ,"(Translated by Google) Perfect location at Gatwick South Terminal

(Original) …"
N S,Local Guide,"Sunday, May 31, 2020 09:25:21",44 reviews, 4 stars ,"(Translated by Google) Funny English pub. The food well.

(Original) …"
Javier Resa,Local Guide,"Saturday, June 01, 2019 03:36:35",  227 reviews, 5 stars ,"(Translated by Google) Incredible the atmosphere

(Original)
Increíble el ambiente"
Marco Santin,Local Guide,"Saturday, June 01, 2019 03:36:35",  87 reviews, 4 stars ,"(Translated by Google) Good vegan options.

(Original)
Boas opções veganas."
Daniel Zakariasson,Local Guide,"Saturday, June 01, 2019 03:36:35",  238 reviews, 3 stars ,"(Translated by Google) Airport pub. OK.

(Original)
Flygplats pub. Helt ok."
adele riccelli,Local Guide,"Sunday, May 31, 2020 09:25:21",  39 reviews, 3 stars ,"(Translated by Google) Many homes in the desert

(Original)
Tante abitazioni nel deserto"
Mikael Alexandersson,Local Guide,"Saturday, June 01, 2019 03:36:35",  329 reviews, 3 stars ,"(Translated by Google) Diner with a decent range of food.

(Original) …"
