Reviewer_Name,Reviewer_Type,Review_Time,Num_of_Review,Stars,Review_Comment
Jo Williams,Local Guide,"Sunday, January 30, 2022 03:12:57",  103 reviews,  stars ,"They seem to be struggling with staff, one poor woman was delivering food and must have completed a week's worth of steps in a night! She did it with a smile! Food was great , loved the curry and the other half's steak was a really good piece of meat and cooked well. The staff deserve a medal as we still had a good experience."
Alisxn_,Local Guide,"Tuesday, March 01, 2022 01:42:00",2 reviews, 1 star ,"I used to love going in to the bell, haven’t returned there since COVID year. But it seems they like to dish out bans quicker than bringing your drinks to the table…. Being told you’re banned but isn’t given A CLEAR ANSWER TO WHY!? the …"
Dean Mackness,Local Guide,"Tuesday, March 01, 2022 01:42:00",2 reviews,  stars ,"One night stay for business. Twin room.
Easy check-in, room on top floor so a bit of a climb but the room itself was clean with a spacious bathroom and a great shower. …"
Sandra Mouncey,Local Guide,0,  67 reviews,  stars ,"Nice pub. Food is good. Some staff need to work on their customer service.  Other was lovely.
Had a good time. Good for disabled customers.
Can also sit outside when weather is good."
Marcelle Allman,Local Guide,"Friday, April 01, 2022 12:11:03",  83 reviews,  stars ,"Room was lovely, great cleanliness. Very reasonably priced as one would expect."
Pathfinder,Local Guide,"Saturday, October 30, 2021 07:45:48",27 reviews,  stars ,"Must have had a late and busy night as there were areas not hoovered and some dirty cutlery on the floor.
That said, the staff are friendly, courteous and efficient. …"
Yvonne Leathers,Local Guide,"Sunday, January 30, 2022 03:12:57",1 review,  stars ,Hi had the mixed grill..chips and ham was fine...but couldn't eat the steak...it was all grisly..wouldn't order that again..
Colin Lanning,Local Guide,"Thursday, September 30, 2021 09:16:45",  36 reviews, 1 star ,I booked a room weeks in advance as a treat to see a show. The night before arrival the hotel rang at 7pm to cancel. The reason for cancelling was due to a faulty flusher on the toilet. I was cancelled and not others as I wasn't a long term …
John Z,Local Guide,"Tuesday, March 01, 2022 01:42:00",  25 reviews,  stars ,Sat by an open fire with a great cooked breakfast. Happy staff and really comfy environment.
Fiona Cook,Local Guide,"Thursday, September 30, 2021 09:16:45",104 reviews,  stars ,"Nice staff. Wonderful room. BUT the kitchen left the extractor fan on both nights (it should havebeenturnedoff whentheyfinished) - so the noise in our room was awful  - couldn't have the window open.  After our first night,  no-one came in to top up the coffee/tea/water etc."
royston burridge,Local Guide,"Friday, April 01, 2022 12:11:03",13 reviews,  stars ,The bell is a warm and friendly and welcoming  place to meet family  and friends  for good meals
Nipsi D,Local Guide,"Tuesday, November 30, 2021 06:14:51",15 reviews,  stars ,"Stayed in hotel, ate and drank here. Room was lovely, food and drink good...cold beans at breakfast. Staff fantastic, especially Sharona."
Slavko Filipovich,Local Guide,"Saturday, July 31, 2021 12:18:39",  42 reviews,  stars ,Went out for a few drinks with couple of drinks. Doormen were really friendly and so we're the staff. Shared few jokes over few beers. We got there towards end of the night so the place was pretty empty but enjoyable nonetheless.
Emma Metcalfe,Local Guide,"Tuesday, November 30, 2021 06:14:51",  96 reviews,  stars ,Had steak and chips. Nicely cooked but lacked seasoning. None on the table but found them when I was leaving. Would definitely go again.
Russell Mahoney,Local Guide,0,3 reviews,  stars ,"Really good. Staff were nice, food was nice, room was comfortable, clean, warm and tidy. Actual fires burning to warm the pub. All at a very good price. 3 tiny niggles - shower curtain too short, shower head flopped forward and not all the …"
Helen Green,Local Guide,"Sunday, May 31, 2020 09:31:37",20 reviews,  stars ,Just perfect. The room is value for money and spotlessly clean. All the staff are so helpful and go that extra mile if required. At times the place has got very busy. We still felt that the staff were helpful and kept smiling with a nothing …
Lee Meek,Local Guide,"Monday, August 30, 2021 10:47:42",  23 reviews, 1 star ,"Don't go! Apart from the waitress bringing us 2 pitchers of cocktails and a pint of guiness, there was no glasses or straws to drink the cocktails from and could not even tell us which one was which. …"
Becca Cairns,Local Guide,"Monday, August 30, 2021 10:47:42",  49 reviews,  stars ,"Beautiful rooms in the hotel, had a great evening down at the bar. Staff great and room even better, highly recommend! Would recommend parking by the cinema just behind though, 2 minute walk and free from 9 till 8am"
Stephen Overy,Local Guide,"Sunday, January 30, 2022 03:12:57",64 reviews,  stars ,Nipped into this Moons excellent quality ale had a lovely 5.9% one sorted me right out
Tim Bailey,Local Guide,"Friday, April 01, 2022 12:11:03",  93 reviews,  stars ,Staff friendly very quick service and hot food
Becca Nutley,Local Guide,0,  41 reviews,  stars ,Great pub if waiting for a bus at the nearby station.
Dawn Ward,Local Guide,"Saturday, July 31, 2021 12:18:39",3 reviews,  stars ,"We were pleasantly surprised on the rooms. They are superb, beautifully decorated, comfortable and spotless. Probably one of best rooms we have been in for a long time."
Gail Reid,Local Guide,"Monday, August 30, 2021 10:47:42",5 reviews, 1 star ,Absolutely disgraceful . Firstly Staff dont even smile. They were not accommodating at all we had travelled from newcastle upon tyne to aylesbury a good 5 hours and couldnt even leave our bags whilst we parked the car. …
paul constantin,Local Guide,"Thursday, September 30, 2021 09:16:45",  41 reviews,  stars ,"I had dinner with my Daughter and Niece , two tables away a Guy comes inside and start a fight , This was so great , you don't see  PUB fight every day ... …"
ricky bowman,Local Guide,"Tuesday, March 01, 2022 01:42:00",12 reviews,  stars ,Nice and pleasant bar staff nice and friendly customers
cathy East,Local Guide,0,39 reviews,  stars ,"Found no one cleaned the tables before we sat down especially with covid and only cleaned a part of table when we asked spraying me with cleaning product. Seemed the man staff member couldn't be bothered with us and showed it, no smile hunched and slow. Came out feeling like I had bad customer service and wasn't friendly at all."
mark mitchell,Local Guide,0,  114 reviews,  stars ,"would have been 5 stars but the room we had was too noisy and the floor vibrated, we was awake all night! we thought we would get used to it, or it was maybe only like that while the pub was open, wrong, ALL NIGHT! the room the rest of the …"
Richard Johnston,Local Guide,"Monday, August 30, 2021 10:47:42",85 reviews,  stars ,"Pleasant, comfortable room at reasonable cost.
Courteous, helpful staff.
Good full English breakfast (extra) in the pub."
Lez Dudeski,Local Guide,"Monday, August 30, 2021 10:47:42",7 reviews,  stars ,"Waited 15+ minutes before reminding I had adrink on order, it had been waiting at the bar, ice all melted, couldn't even taste the gin, sorry doesn't make it taste any less like cold water"
Luke Canning,Local Guide,"Thursday, September 30, 2021 09:16:45",  29 reviews,  stars ,"Nice place, friendly people and overall nice accommodation. Would definitely go again. Me and the missus enjoyed it."
Matt Crowther,Local Guide,"Sunday, January 30, 2022 03:12:57",  154 reviews,  stars ,Couple staff have manners but certain others seem affronted. Typical Spoons.
OLUEBUBE CHIDERA OKAFOR,Local Guide,0,25 reviews,  stars ,"It's a really nice place to stay at. It's strategically located, 7 mins walk from the Train Station, close to many grocery and clothe stores.
The room is small but has all amenities -iron, ironing board, hair dryer, …"
Malcolm jones,Local Guide,"Sunday, May 31, 2020 09:31:37",  13 reviews,  stars ,"Hotel part of the business was  very impressive. Rooms very nice with good facilities. However the pub part downstairs left a lot to be desired. The overall impression was that the whole of the downstairs needed gutting and a complete refurbishment. Food was typical Wetherspoons, good value, and the staff were very helpful."
efren nunez,Local Guide,"Thursday, September 30, 2021 09:16:45",27 reviews,  stars ,"Well managed weth's. You can expect more for what you pay, food is brand standard and service good, friendly, smiley, and we'll trained staff."
Kim Belsey,Local Guide,"Sunday, May 31, 2020 09:31:37",  177 reviews,  stars ,"Good few ales couple of open fireplaces, staff very helpful. Old white and black beam's pub ,coaching inn feel. Place feels cluttered and tired. Hotel room excellent must be fairly new, shame they did not do the trading area at the same time."
David Horwood,Local Guide,"Saturday, October 30, 2021 07:45:48",9 reviews,  stars ,First time l been in the bell Hotel had a nice breakfast and pint very clean inside
Jace Fields,Local Guide,"Sunday, May 31, 2020 09:31:37",  21 reviews,  stars ,"I come to this excellent restaurant often since I enjoy the ambiance that is unique to this place. The crew is very loving and qualified. The service is pretty quick. Needless to say, the food you get is magnificent. I have been there many …"
Ray Chappell,Local Guide,"Saturday, October 30, 2021 07:45:48",  26 reviews,  stars ,"Proper old Ale & guest beers pub.
Loads of seating.
No Sports channels."
Heath,Local Guide,"Sunday, January 30, 2022 03:12:57",  48 reviews,  stars ,Awesome vibe and great value drinks
Jennifer Boustred,Local Guide,"Sunday, May 31, 2020 09:31:37",12 reviews,  stars ,"Stayed 1 night. Room was very spacious and the en-suite was modern, with a good shower. The only thing was ?the kitchen extractor fan was quite noisy at times overnight, but it did stop by around 0000. …"
Jon Dack,Local Guide,"Tuesday, November 30, 2021 06:14:51",  21 reviews,  stars ,Rooms very clean breakfast was cool could have been warmer
Norman “Stormin'” Smith,Local Guide,0,79 reviews,  stars ,Our room is really very nice. After one night I'd say the staff are fine. At the moment the wifi is hopeless and there is no parking. Hopefully Aylesbury will improve.
Stephen Laing,Local Guide,"Tuesday, November 30, 2021 06:14:51",  76 reviews,  stars ,"Good meal, proportions and overall value in peaceful setting."
paul watson,Local Guide,"Thursday, July 01, 2021 01:49:36",7 reviews,  stars ,"What a great place, if u want a night away for drink and food and a great nights sleep with the pub above then u can’t do better"
Jack Bush,Local Guide,"Thursday, May 31, 2018 09:54:05",3 reviews,  stars ,"Location is very good, right in the centre, the room is small however bed is of a good quality and is comfortable. Service was relatively sub-standard, it was very hard to check in as there is no long functioning reception. I was also told …"
Adarmoth,Local Guide,"Saturday, October 30, 2021 07:45:48",  127 reviews,  stars ,"Good atmosphere , excellent range of ales
Some very good offers available"
Jenny Churcher,Local Guide,"Sunday, May 31, 2020 09:31:37",  10 reviews,  stars ,"Busy popular place, good cheap food. Wish I could order without visiting bar because I am often alone. You CAN do this with their app, but I had problems downloading it to my phone. Others obviously have it working, so maybe not the apps fault!"
Philipp Wruck,Local Guide,"Thursday, May 31, 2018 09:54:05",  46 reviews,  stars ,"Rooms were top quality with very pleasant bathroom and excellent beds. Dinner was surprisingly good, a broad variety of pub food on the menu, and we loved the possibility to ordervia app. Definitely would recommend."
Suzanna Copcutt,Local Guide,"Sunday, May 31, 2020 09:31:37",1 review,  stars ,"We booked a table for my daughter's birthday. Even though there was a mix up with the booking the duty manager sorted out tables for us. He came and checked on us regularly. We've had fantastic customer service with the duty manager Luca supervising it all
."
Thomas Cameron,Local Guide,"Saturday, October 30, 2021 07:45:48",28 reviews,  stars ,Great little pub. Menu and drinks suit most people
Steel Melchizdek,Local Guide,"Thursday, September 30, 2021 09:16:45",17 reviews,  stars ,Very nice clean pub/hotel very friendly helpfull staff. Food was excellent
P Wright,Local Guide,"Thursday, December 30, 2021 04:43:54",  139 reviews,  stars ,Great staff.  Sticky floors. Standard spoons
Sandra van't Zand,Local Guide,"Saturday, June 01, 2019 03:42:51",  33 reviews,  stars ,"Nice place with a bit of security so non-guests can't access your room easily.  Clean. Shower slippery so had to use bath mat to stand on. Above the pub... luckily you don't have to eat the food... good restaurants in town but don't wait till late to go out,  town goes to sleep early."
ikenna melifonwu,Local Guide,"Sunday, January 30, 2022 03:12:57",4 reviews,  stars ,"Lovely place, nice rooms"
Nathan “Myrph”,Local Guide,"Thursday, May 31, 2018 09:54:05",  12 reviews,  stars ,*Only visited the pub area* I've been here a couple of times now and whilst it is pretty standard fare for a town center Wetherspoons they have managed to preserve the old pub atmosphere with a good mix of open and secluded seating areas. …
Rob Garrood,Local Guide,0,  14 reviews, 1 star ,Too much of a stale atmosphere. Bar staff are obviously underpaid and you can feel the whole covid situation has taken too much of a grind on this place. I'm not posting as someone who was expecting the same service and ambiance prior to …
Jemma Roy,Local Guide,"Thursday, May 31, 2018 09:54:05",1 review,  stars ,"The location is in a prime position in Market Square, Aylesbury & it is very easy to find! The staff are so friendly & chatty, the food is excellent & normally quick to be delivered to your table! The bell is very clean & has a real homely …"
Vetri Ganapathy,Local Guide,"Sunday, May 31, 2020 09:31:37",10 reviews,  stars ,"Excellent place. Great central location. Very comfortable. Well furnished. Amenities +++.
Highly recommend for stay in and around that region.
Greta staff and service. Value for Money"
Yusuf Noorbhai,Local Guide,"Friday, April 01, 2022 12:11:03",  52 reviews,  stars ,Looking very tired now. Needs a complete makeover.
Jacob Bracken,Local Guide,"Wednesday, May 31, 2017 04:05:19",1 review,  stars ,"Went to the bell for drinks with friends and had a great time. Service is excellent, food is tasty and good value. Only qualm is that it can get quite packed in the bar area due to the size of the room, apart from that though it's a wonderful pub."
Jane Stokes,Local Guide,"Monday, June 01, 2015 04:27:47",2 reviews,  stars ,"The Bell is always very busy because it is popular , we have sometime had to wait a while but the food is a very good price and very good value for the money. The staff are always very nice and polite and nothing is ever too much for them. We go there a lot as it is cheap and handy if in town , the breakfasts are fantastic xx"
Sheila Hill,Local Guide,"Sunday, May 31, 2020 09:31:37",13 reviews,  stars ,We go here primarily to play Pokémon Go and Wizards Unite. It's a great place to while away a Community Day when you're not too mobile. Staff are always very friendly and the food has never disappointed. Wetherspoons at their best.
Steve Howell,Local Guide,"Sunday, May 31, 2020 09:31:37",  180 reviews,  stars ,Given 5 stars for it's value for money. Had 2 different small breakfasts and coffees with of course free refills. Service good and efficient. Really outstanding value and choice.
Rafael Uzcategui Trinkl,Local Guide,"Tuesday, November 30, 2021 06:14:51",  67 reviews,  stars ,Great place to visit and have a good beverage
Angela Harvey,Local Guide,"Tuesday, May 31, 2016 10:16:33",141 reviews, 1 star ,"Took my family there for a meal recently, food was terrible, sent meals back as items missing still could not get it right, very disappointed as usually good. Do not know how to fry an egg properly could bounce them off the walls! Same …"
Catherine Lee,Local Guide,"Sunday, May 31, 2020 09:31:37",18 reviews,  stars ,"Centipede in sink and damp smell in bathroom.
Room was nice and air con good. Bed a bit on hard side.
Quite a noisy location on a weekend as right on town square. General bangs and …"
mark simmonds,Local Guide,"Wednesday, May 31, 2017 04:05:19",  144 reviews,  stars ,"Historic pub, now also restored to hotel. One of the most attractive Wetherspoons. The guest beer range can be very variable, but usually acceptable. The actual bar is relatively small and can get crowded leading to long waiting times in the busiest periods"
Mary Greening,Local Guide,"Sunday, May 31, 2020 09:31:37",2 reviews, 1 star ,"Just had fish and chips the worst I've ever had. Fish and batter not cooked, raw inside told by server that it is OK. Regular eater of fish and chips in Weatherspoons. Will never eat in this one again, awful."
Stuart Ponter,Local Guide,"Thursday, May 31, 2018 09:54:05",  120 reviews,  stars ,Stayed here on a Sunday evening after walking the Ridgeway. After finding the hotel reception which was not obvious i checked in  easy and was very impressed by the room. Ive stayed in a few Wetherlodges and this was easily the best for …
richard elderfield,Local Guide,"Sunday, May 31, 2020 09:31:37",  178 reviews,  stars ,"My first time here, the dinning area had a wood burning fireplace making it nice and warm. I used the W app to order.The Bell hotel is in the corner of the market square."
Simonne Davis,Local Guide,"Thursday, May 31, 2018 09:54:05",  57 reviews,  stars ,If you're looking for a central location at a fair price without having to forfeit on comfort then this is a very good option.  I was very worried about noise when I pulled up as I hadnt appreciated it was a busy Wetherspoon pub in a …
Carl Sanders,Local Guide,"Saturday, June 01, 2019 03:42:51",9 reviews,  stars ,"Was my usual for a quick tipple, but after trying to get a bowl of water for my dog who was outside and being refused; very disappointed. My dog was not even in the premises. Won't be frequenting any more Wetherspoons pubs EVER."
Graham Osborne,Local Guide,"Saturday, June 01, 2019 03:42:51",  115 reviews,  stars ,"Lovely spot, with Spoon's usual sympathetic adaptation of an old building.
Staff were all friendly, helpful, and efficient during our visit.
Are Black Dragon ciders becoming Spoons' house brew? I, for one, would be …"
Oswald “Oz” Francis,Local Guide,"Thursday, September 30, 2021 09:16:45",  51 reviews,  stars ,"A nice place, you can get food and beers here"
Andrea Moro,Local Guide,"Tuesday, May 31, 2016 10:16:33",  829 reviews,  stars ,"I was almost faithful this could have been a nice steak, and certainly it was but only on paper.
From the moment I ordered a medium steak to the time I was served a well-done …"
Spaced Hopper,Local Guide,"Thursday, May 31, 2018 09:54:05",  59 reviews,  stars ,"Stayed in the center of Aylesbury town. Charming location which was vibrant and welcoming. The hotel staff were most charming and the room was plush and fine for our visit. Would use again for a theatre visit, hassle free and pleasant."
Ashley Edwards,Local Guide,"Sunday, May 31, 2020 09:31:37",  17 reviews,  stars ,Used the app for Steak Tuesday. The steak was a 12oz Rump and it was perfect. All the food was great and very good value. Toilets were also clean.
Craig Buchanan,Local Guide,"Thursday, May 31, 2018 09:54:05",  54 reviews,  stars ,"The Bell is a good pub for a night out. Rather than being one big space, it's divided up by the structure of the building it's in, so you can find a smaller corner for a quiet chat, or a larger space for a bigger group, or just hang out at …"
Dee Evans,Local Guide,"Sunday, May 31, 2020 09:31:37",  18 reviews,  stars ,"Enjoyed a lovely meal, but the smoke from the fire, made me choke and had to leave, l don't know what they were burning or if their chimney needs to be swept but it wasn't very good for me as l have asthma!"
Dean Burry,Local Guide,"Wednesday, May 31, 2017 04:05:19",  19 reviews,  stars ,"The fittings and fixtures are amongst the best that I've ever seen in a Wetherspoons pub. A good selection of drinks is available. Food and drink ordering via mobile app worked very well, and service was quick. There is a smoking atrium in the centre of the building."
John Odell,Local Guide,"Saturday, June 01, 2019 03:42:51",  154 reviews,  stars ,Lovely old inn 18th Century inn in the Market Square of Aylesbury. Only yards from the bus station and shops. Beautifully restored and presented whilst maintaining the original look. Wetherspoon food & drink at great prices. Staff were friendly and helpful so we had a good experience.
ha3,Local Guide,"Sunday, May 31, 2020 09:31:37",  75 reviews,  stars ,Love the ability to order via the app at your table! And really good that it's possible to filter vegan options. Also the prices 👌🏼
Colin Reeves,Local Guide,0,19 reviews, 1 star ,The Bell Hotel is now shut for good.
steve owen,Local Guide,"Thursday, May 31, 2018 09:54:05",  25 reviews, 1 star ,"Very noisy doors being slammed every hour on the hour. Housekeeping poor dirty towel left on the floor in the bathroom, bin has not been emptied in 3 days. Fruit cocktail had onions in it. Drinks glass had hair on the rim."
jill harmsworth,Local Guide,"Thursday, December 30, 2021 04:43:54",  74 reviews,  stars ,Very clean and staff are professional and friendly
Alex Lloyd,Local Guide,"Sunday, January 30, 2022 03:12:57",  267 reviews,  stars ,Lovely log fire always burning
peter mace,Local Guide,"Saturday, June 01, 2019 03:42:51",79 reviews,  stars ,Standard Wetherspoons but in a lovely old building. Reliable as always for the meal of the day Fish and Chips. Reasonable price. Cleaner tables than many of the others.
Keith Hilton,Local Guide,"Saturday, June 01, 2019 03:42:51",168 reviews,  stars ,"A great place to stay, food is great. The staff were all helpful and friendly highly recommend. The only drew back it has no car park facilities"
The Fox,Local Guide,"Sunday, May 31, 2020 09:31:37",  104 reviews,  stars ,"Very old pub & hotel on the corner of Market Square, food very nice. Only bad point toilets are upstairs :-( Food and drinks for 5 people £33, drinks= hot chocolate, 2 x lemonades, half cider and Pepsi Max."
Akash Nayee,Local Guide,"Thursday, May 31, 2018 09:54:05",  44 reviews,  stars ,"Nice place for drinks, although when busy it can be difficult to find seats but once seated, it's great, nice atmosphere and drinks are reasonably priced. Great place to go to catch up with friends"
Nikki Eastwood,Local Guide,"Thursday, May 31, 2018 09:54:05",8 reviews,  stars ,"Full of old drunks that were obvuously regulars shouting and wobbling around. Ordered a tuna melt that hadnt been under the toaster at all cheese slice cold with tuna mix on top cold and cold ciabatta, said it came with chips yes there was there was 6 of them. Tried to give back twice in the end left."
Martin Hewer,Local Guide,"Saturday, October 30, 2021 07:45:48",  12 reviews,  stars ,Excellent service as always and a bit of cheeky banter thrown in for free
Steven Rogers,Local Guide,"Thursday, May 31, 2018 09:54:05",6 reviews,  stars ,"Could not fault it at all. Fantastic room, service was great and because my girlfriend is disabled they couldn't do enough to help. Absolutely five star will be coming again"
Richard Mcmellon,Local Guide,"Thursday, May 31, 2018 09:54:05",22 reviews, 1 star ,Beer is cheap and ok....made to taste a little sour with all the brexit supporting beer mats spread all over the place. Made me feel quite sick tbh. Not sure if I will visit again.
Elizabeth Adby,Local Guide,0,  85 reviews,  stars ,Waited 20 min for food which is not to bad 45 mins for drink which in end we collected off bar service was good from the gentlemen
Wes M,Local Guide,"Saturday, June 01, 2019 03:42:51",3 reviews,  stars ,"Have been a few times and the place is not pleasant - food and dishes left on tables and table surfaces dirty. On the plus, the app is easy to use and beats having to queue to order."
Warren Jackson,Local Guide,"Wednesday, May 31, 2017 04:05:19",  36 reviews,  stars ,"I really like The Bell, it's cheap and the food is generally good.
(This is good when compared to other Weatherspoons not good as in an al la Carte restaurant, just good pub food at very reasonable prices.) …"
Kim Webb,Local Guide,"Saturday, October 30, 2021 07:45:48",18 reviews,  stars ,Amazing rooms. Lovely stay.
Mo Jo's Bizzare Adventures,Local Guide,"Thursday, May 31, 2018 09:54:05",  46 reviews,  stars ,The Guinness is cold. The chairs aren't too shabby and the smoking area has recently been renovated. It's nice to go drink there.
Paul S,Local Guide,"Wednesday, May 31, 2017 04:05:19",  69 reviews,  stars ,"Good clean Wetherspoon's Pub, good is of the standard expected and was served in good time. Rooms have just been updated by the looks of it with a very modern rain shower."
Tony Forbes,Local Guide,"Tuesday, November 30, 2021 06:14:51",  36 reviews,  stars ,Ale in perfect condition. Very friendly staff 👌
Faye,Local Guide,"Saturday, June 01, 2019 03:42:51",16 reviews,  stars ,"Room was very clean and fresh, very big and the bathroom was too. Bath was very nice to relax in. I was on the top floor so there was very little noise. Service was good"
Martin Godfrey,Local Guide,"Tuesday, March 01, 2022 01:42:00",  89 reviews,  stars ,No fish and chips on a Friday!!!
Gary Wheelhouse,Local Guide,"Sunday, May 31, 2020 09:31:37",  68 reviews,  stars ,Great food for a decent price  we had the steak and kid pudding  well cooked with plenty of meat some meals have a drink in the price
Barry Kilford,Local Guide,0,  165 reviews,  stars ,Used. To. B. Ok. But. Since covid. It's. Like. The. Gestapo. Have. Taken over. Power. Or. A. Small. Bit of power. Goes. To. Certain. People's head  it's. Gone. Definitely. Gone. Down. Hill. Very. Fast.
Thomas M,Local Guide,"Thursday, May 31, 2018 09:54:05",  244 reviews,  stars ,"Great, cheap 'Spoons. Staff were friendly, prices were low and all in all was a great place to go for a drink. Would definitely recommend"
Peter Demaine,Local Guide,"Thursday, December 30, 2021 04:43:54",  162 reviews,  stars ,Family enjoyed a breakfast at the bell.
harry scutchings,Local Guide,"Thursday, December 30, 2021 04:43:54",  43 reviews,  stars ,It's a spoons can't go wrong
Billy Elgood,Local Guide,"Sunday, May 31, 2020 09:31:37",  76 reviews,  stars ,Very modern and clean bedrooms. Excellent accommodation. Perfect to explore Aylesbury. Food is normal weatherspoons.
Richard Keasley,Local Guide,"Friday, May 31, 2013 04:50:15",  137 reviews,  stars ,Good Friday lunch for 2. Quite busy. Open fire in a relaxed atmosphere. Food arrived quickly and staff were helpful.
RCZ24,Local Guide,"Thursday, May 31, 2018 09:54:05",  3 reviews,  stars ,"The pub served good food for the money. It is located very well, not far from the theatre or the main shopping centre. There could be a car park located closer."
Frances Shailer,Local Guide,"Saturday, June 01, 2019 03:42:51",1 review,  stars ,Excellent wine and choice of beer. Shame beer advertised was not all available. Step up.to the mark! Look after your customers.
Alex Laxton,Local Guide,"Thursday, May 31, 2018 09:54:05",  4 reviews,  stars ,"Excellent food as usual, as well as being very affordable. Great staff and friendly atmosphere. Easily accessible from the bus station too."
Dave Gordanier,Local Guide,"Thursday, May 31, 2018 09:54:05",  172 reviews,  stars ,"Conveniently located close to the train station and downtown this Whetherspoon's pub is an excellent budget choice. Rooms are generous enough,clean and recently updated."
Dan Cross,Local Guide,"Wednesday, May 31, 2017 04:05:19",  450 reviews,  stars ,"A decent enough pub and restaurant that's conveniently located next to Aylesbury's main bus station. Drinks and food are among the cheapest in town and the service is quick and friendly, too."
Eileen Browne,Local Guide,"Sunday, May 31, 2020 09:31:37",  50 reviews,  stars ,"Shall definitely tell my Friends to visit had a wonderful stay. The Staff very friendly very comfortable and clean
Amazing breakfast."
Bee Pearson,Local Guide,"Sunday, May 31, 2020 09:31:37",15 reviews, 1 star ,The overweight manger with dark hair is extremely rude and wears inappropriate clothing to work avoid at all costs she bans people for no reason but looks like jelously lol since she started over 20 people have been banned and when asked …
andrew Lloyd,Local Guide,"Sunday, May 31, 2020 09:31:37",5 reviews,  stars ,Really like this place. Historic building. Nice staff. Good view out onto the market area.
Aimee Cowdrey,Local Guide,"Thursday, May 31, 2018 09:54:05",  2 reviews,  stars ,Took shelter here on a very rainy and windy day! Staff were great and helpful but was a bit disappointed with the coffee as it is all now operated by customers rather than staff.
Bruce Auty,Local Guide,"Tuesday, November 30, 2021 06:14:51",  14 reviews,  stars ,Good service and friendly atmosphere
Thais Oliveira,Local Guide,"Sunday, May 31, 2020 09:31:37",6 reviews,  stars ,We had a very good service. The staff are very friendly and the manage very supportive. Thanks for the amazing burger and service 🤗😉
K G,Local Guide,0,  34 reviews,  stars ,"Much nicer than The White Hart round the corner, friendly breakfast staff."
LOu,Local Guide,"Sunday, May 31, 2020 09:31:37",  75 reviews, 1 star ,A disappointing breakfast. Half the items were luke warm. The beans and egg were not even warm enough to melt the butter on my toast
Barry Drydale,Local Guide,"Saturday, June 01, 2019 03:42:51",1 review,  stars ,The Bell Hotel as an always will be a good hotel apart from the manager she has not been very good since she has been here she likes to Bar everybody for some reason but as a Wetherspoon pub always good apart from one thing and that is it
Chris Porter,Local Guide,"Thursday, May 31, 2018 09:54:05",  285 reviews,  stars ,"Pleasant Wetherspoons pub set on Aylesbury town square
The usual formula delivered by friendly, helpful staff makes for good quality, reasonably priced food and drink …"
Mr. Ozkok,Local Guide,"Saturday, June 01, 2019 03:42:51",  16 reviews,  stars ,This one is my favourite when I visit Aylesbury for business. The staff is amazing and so friendly. Not just one or two. All of them are so lovely :)
Ian Ackroyd,Local Guide,"Saturday, June 01, 2019 03:42:51",  30 reviews,  stars ,"Great place
Fantastic room  very comfortable
Food was excellent  the staff were very welcoming …"
greg tait,Local Guide,"Thursday, December 30, 2021 04:43:54",  198 reviews,  stars ,Great cheap beer!
Philip,Local Guide,"Sunday, May 31, 2020 09:31:37",  159 reviews,  stars ,"Gorgeous building, very friendly and helpful staff, great value and perfectly cooked breakfast."
Anna Wilders,Local Guide,"Wednesday, May 31, 2017 04:05:19",  26 reviews,  stars ,It's cheap and cheerful. Good new breakfast menu additions plus the food all seems to be RSPCA approved which is excellent
Neil Price,Local Guide,"Thursday, May 31, 2018 09:54:05",  19 reviews,  stars ,Helpful staff even though they were very busy. Clean room and bathroom. Room was nice and comfortable. Slept like a log!
Lewis Brigden,Local Guide,"Wednesday, May 31, 2017 04:05:19",  79 reviews,  stars ,"Friendly check in in the ""Harry Potter cupboard"", nice clean room - very well finished. Good breakfast (not included) and very good value!"
lawrence windeatt,Local Guide,"Sunday, January 30, 2022 03:12:57",  128 reviews,  stars ,Traditional pub atmosphere
Kevin Thomas,Local Guide,"Thursday, May 31, 2018 09:54:05",38 reviews,  stars ,I really enjoyed my afternoon in the bell the staff were friendly plenty of drink choice and the good was good would recommend visiting
Nathan Rogan,Local Guide,"Thursday, May 31, 2018 09:54:05",  2 reviews,  stars ,"Great location, brilliant rooms. Traditional bar with very modern accommodation. Highly recommended."
Peter Randall,Local Guide,"Sunday, May 31, 2020 09:31:37",  84 reviews,  stars ,Good cheap food & drinks. They need more staff to serve faster
Alan Kent,Local Guide,"Sunday, May 31, 2020 09:31:37",  86 reviews, 1 star ,Typical wetherspoons hotel or pub found it very tatty one of the rooms was on the stairs going to the loo I was on  day trip to Aylesbury If i lived here it wouldn't be my type of pub as I don't really like wetherspoons
Scott Gotts,Local Guide,"Saturday, June 01, 2019 03:42:51",  69 reviews,  stars ,Food was good but sitting down trying to eat with off duty staff getting drunk and swearing round the bar ruined it for me.
Liz Dunster,Local Guide,"Thursday, May 31, 2018 09:54:05",  36 reviews,  stars ,Great rooms but the usual wetherspoons food. Plenty of other places to eat nearby though and very close to the station.
rustythesnowman1,Local Guide,"Sunday, May 31, 2020 09:31:37",  63 reviews,  stars ,Lovely place with great friends and Bud Light at only £1:99 a pint - Happy Days
Ruth Hartley,Local Guide,"Sunday, May 31, 2020 09:31:37",  72 reviews,  stars ,Went the for a birthday meal staff was lovely and the food was delicious and not to pricey
Oliver Field,Local Guide,"Saturday, June 01, 2019 03:42:51",  15 reviews,  stars ,"Great, pop there occasionally to get a fried breakfast and always good. Good value."
Adam Pegrum (Ads),Local Guide,"Sunday, May 31, 2020 09:31:37",  233 reviews,  stars ,Small. Room was ok. Shower was not powerful enough. Staff was really nice
john Geezer,Local Guide,"Sunday, May 31, 2020 09:31:37",  249 reviews,  stars ,"Your typical wetherspoons cheap beer needs facelift
And cheap food norm ok average food but this visit was shocking food cold and took a lifetime to appear"
Olesia Saratova,Local Guide,"Saturday, June 01, 2019 03:42:51",3 reviews,  stars ,"Love it. Very comfortable beds, quiet despite the fact that there is a pub on the ground floor"
Peter Roberts,Local Guide,"Saturday, June 01, 2019 03:42:51",  14 reviews,  stars ,"Nice staff alright booze decent pub really, can't talk about the hotel - unfortunately I actually live in Aylesbury"
Joshua Sinclaire,Local Guide,"Thursday, May 31, 2018 09:54:05",  35 reviews,  stars ,Cheap drinks. Very quiet. Old school pub atmosphere. Not that that's a bad thing
Neil Duguid,Local Guide,"Saturday, June 01, 2019 03:42:51",  45 reviews,  stars ,"Excellent food at a great price
Service excellent ordered via app and 10mins later food was delivered"
Sharon Marshall,Local Guide,"Saturday, June 01, 2019 03:42:51",  97 reviews,  stars ,"Rooms clean, and you get bottled water and biscuits. Great value for money especially on a Sunday"
Sandra White,Local Guide,"Sunday, May 31, 2020 09:31:37",10 reviews, 1 star ,"Tables filthy. Had to look for Menu's, condiments. Could have been cleaner and more organised"
JJ Haughton,Local Guide,"Thursday, May 31, 2018 09:54:05",  27 reviews,  stars ,"Great service, very friendly. Food (breakfast) was amazing and great value. Yum!"
Lee Day,Local Guide,"Saturday, June 01, 2019 03:42:51",  18 reviews,  stars ,"good food and good beer on tap, very good prices. nice bit of history here"
Matt Briggs,Local Guide,"Thursday, May 31, 2018 09:54:05",  13 reviews,  stars ,New app is great. Love being able to just sit down and order without having to go to the bar!
ian knight,Local Guide,"Sunday, May 31, 2020 09:31:37",  83 reviews,  stars ,Lovely room really recomend for a cheap stay and service is very good and  a cheap breakfast also
Mike Waudby,Local Guide,"Sunday, May 31, 2020 09:31:37",5 reviews,  stars ,My room key opoend all rooms on the 2nd floor was told it was probably a master key and should not have been given out
Kevin Horner,Local Guide,"Sunday, May 31, 2020 09:31:37",20 reviews,  stars ,"Good inexpensive food and drink, very pleasant clean rooms."
Graham Martin,Local Guide,0,25 reviews, 1 star ,If you like drinking  beer with cleaning fluid served by surly staff and only ok ish food the bell is for you
Rebecca Griffiths,Local Guide,"Wednesday, May 31, 2017 04:05:19",10 reviews,  stars ,"Service was quick, issues with food fixed quickly. Quiet on a Monday evening. Drinks and food a good price."
Raymond Stocker,Local Guide,"Saturday, June 01, 2019 03:42:51",  623 reviews,  stars ,"Good service we had breakfast porridge and toast, my wife had pancakes and maple syrup, luvvly jubbly."
Anish Hemachandran,Local Guide,"Wednesday, May 31, 2017 04:05:19",  13 reviews,  stars ,Have been here twice . Food is decent . Drinks selection is good .
Johnny Boy,Local Guide,"Sunday, May 31, 2020 09:31:37",  180 reviews,  stars ,Typical wetherspoons good priced beer good priced food great staff nothing too much trouble
John Carroll,Local Guide,"Saturday, October 30, 2021 07:45:48",  66 reviews,  stars ,Cheap beer nice atmosphere.
Ross Briggs,Local Guide,"Thursday, May 31, 2018 09:54:05",8 reviews,  stars ,Always great. Love the Wetherspoons app so I can order straight to the table. Great service.
Margaret Cummings,Local Guide,"Saturday, June 01, 2019 03:42:51",  55 reviews,  stars ,Menu seemed more limited than I expected. Fish Friday caused no complaints.
Nicholas Zelionka,Local Guide,"Saturday, June 01, 2019 03:42:51",5 reviews,  stars ,Cheap meals but satisfying some ales and beers £1-99 a pint good atmosphere.
Maddog316,Local Guide,"Saturday, June 01, 2019 03:42:51",  17 reviews,  stars ,"Staff are always very friendly and helpful , nice place for food or drink and a great atmosphere"
Charlotte Tiffney,Local Guide,"Monday, August 30, 2021 10:47:42",  11 reviews,  stars ,Good service and well cooked food
Margaret Thomas,Local Guide,"Saturday, May 31, 2014 10:39:01",  46 reviews,  stars ,The food is of variable quality (as you would expect for the price) but the bar staff are fantastic.
Sue Duncan,Local Guide,"Saturday, June 01, 2019 03:42:51",  78 reviews,  stars ,Had a very nice room wish they had let us book in a bit earlier were a bit inflexable about the check in time
Graham Parkins,Local Guide,"Saturday, June 01, 2019 03:42:51",  124 reviews,  stars ,"Popped in for breakfast which was fine, nothing special but value for money and tasty enough"
Alexander k.m,Local Guide,0,  16 reviews,  stars ,"Nice ambience, quality food and beverages and good service"
Kevin “Easykev” Hewer,Local Guide,"Wednesday, May 31, 2017 04:05:19",3 reviews,  stars ,Great service and food. The refurbishment has really improved the decor.
Jon Stone,Local Guide,0,6 reviews,  stars ,Amazing  burger and chips and staff will be back soon
Barry Stone,Local Guide,"Saturday, June 01, 2019 03:42:51",  32 reviews,  stars ,Very friendly staff but the breakfast was worse than bad even when you ask for a different one it comes out the same all over cooked place was very clean.
Tony Clingan,Local Guide,"Sunday, May 31, 2020 09:31:37",  82 reviews,  stars ,Good food and great value and a chance to meet some pals win-win
James Richings,Local Guide,"Saturday, June 01, 2019 03:42:51",  301 reviews,  stars ,Great food and the atmosphere is very lively during the night!
Ashley Goodwin,Local Guide,"Wednesday, May 31, 2017 04:05:19",  24 reviews,  stars ,Great prices and food is good. Beer selection is not as good as it used to be.
James Ashby,Local Guide,"Thursday, May 31, 2018 09:54:05",  83 reviews,  stars ,"Whilst i did not use the hotel service i did have food, it was very cheap and very good quality, nice selection of alcohols, main meals and desserts."
Joszko 57,Local Guide,"Wednesday, May 31, 2017 04:05:19",  21 reviews,  stars ,Great service. Rosé tasted nice. Desserts were amazing. Awesome pub.
Ken Price,Local Guide,"Saturday, June 01, 2019 03:42:51",  130 reviews,  stars ,"Good food and drink, nice quiet place to have a meal"
Johnny Boy,Local Guide,"Sunday, May 31, 2020 09:31:37",  246 reviews,  stars ,Typical wetherspoons good priced beer good food great staff nothing too much trouble
John Fergus,Local Guide,"Tuesday, November 30, 2021 06:14:51",99 reviews,  stars ,Great service and value 🇮🇪
Dan Legg,Local Guide,"Thursday, May 31, 2018 09:54:05",2 reviews,  stars ,"Decent atmosphere, good variety of beers, can't argue with the prices."
Desmond Grech,Local Guide,"Saturday, June 01, 2019 03:42:51",14 reviews,  stars ,Very nice food very nice food very good service recommend two other people
Jenny Hay,Local Guide,"Saturday, June 01, 2019 03:42:51",16 reviews,  stars ,"Great food, good prices in a pub with a good atmosphere."
Mike Slade,Local Guide,"Sunday, May 31, 2020 09:31:37",6 reviews,  stars ,Nice food at a sensible price with great service
Raul Adolphus,Local Guide,"Sunday, May 31, 2020 09:31:37",43 reviews,  stars ,Pleasant staff clean environment easil return on a normal night. Pleasant environment.
Colin Smith,Local Guide,"Thursday, May 31, 2018 09:54:05",  13 reviews,  stars ,Generally a decent choice of ales and ridiculously cheap but the food is nothing special at all.
Alex Duff,Local Guide,"Saturday, June 01, 2019 03:42:51",5 reviews,  stars ,It was so good I got the traditional breakfast for £3.75 and it was worthit
Alan Blunt,Local Guide,"Thursday, May 31, 2018 09:54:05",  36 reviews,  stars ,Good food and drink very well priced.
keith healey,Local Guide,"Wednesday, May 31, 2017 04:05:19",19 reviews,  stars ,"Good cheap food and good cheap beer and traditional ales..
Rooms are excellent..!"
Steve S,Local Guide,"Sunday, May 31, 2020 09:31:37",10 reviews,  stars ,Good honest British pub food and drink very reasonable
Master Lex,Local Guide,"Thursday, May 31, 2018 09:54:05",3 reviews,  stars ,"The bell hotel in Aylesbury is a amazing place to go to eat and drink with friends and family, lovely food, great customer service and very good prices."
Paul Forrester,Local Guide,"Saturday, June 01, 2019 03:42:51",  78 reviews,  stars ,Exceptionally comfortable modern room with 4 star facilities. Great customer service
Phil Higson,Local Guide,"Saturday, June 01, 2019 03:42:51",  18 reviews,  stars ,Super luxurious modern room in lovely old 16th century Inn - and with Weatherspoon's food and drink prices!
Joe Simons,Local Guide,"Thursday, May 31, 2018 09:54:05",16 reviews,  stars ,It was very busy with limited seating. However the outside area was very nicely lit and nicely presented.
Daniel Warner,Local Guide,"Wednesday, May 31, 2017 04:05:19",  36 reviews,  stars ,"Historic pub, great selection of food and drinks at reasonable prices. Lovely Hotel Rooms"
brian mayhew,Local Guide,"Saturday, June 01, 2019 03:42:51",  15 reviews,  stars ,food is great.and service great.staff very good and polite
Colin Foster,Local Guide,"Sunday, May 31, 2020 09:31:37",  177 reviews,  stars ,"Seen better days, beer glasses all over the courtyard, beer ok and cheap as chips"
Shan Dawson,Local Guide,"Thursday, May 31, 2018 09:54:05",10 reviews,  stars ,"Room has no storage at all, wardrobe doesn't even have doors, idk maybe I'm being picky"
Lawfulrebel 2017,Local Guide,"Sunday, May 31, 2020 09:31:37",  34 reviews,  stars ,Great place for breakdast from 7am. Eggs benedict and refill coffee for 4.90 bargain!!!!!
Rose Crichlow,Local Guide,"Saturday, June 01, 2019 03:42:51",  78 reviews,  stars ,Great breakfast for a great value. Lovely helpful staff
Ali Riza Arslan,Local Guide,"Thursday, December 30, 2021 04:43:54",  195 reviews,  stars ,Nice 👍 little pub in Aylesbury
Amanda irene,Local Guide,"Thursday, May 31, 2018 09:54:05",16 reviews,  stars ,Cheap but decent veggie food and beer..sadly owned by a right-winged brexitter
Tom Chapman,Local Guide,"Saturday, June 01, 2019 03:42:51",593 reviews,  stars ,"Absolutely packed Tuesday lunch time. Abbots was off by 1pm, says a lot"
Patrícia Salgueiro,Local Guide,"Saturday, June 01, 2019 03:42:51",4 reviews,  stars ,Totally recommended. Amazing food and lovely staff.
robert Shetliffe,Local Guide,"Sunday, May 31, 2020 09:31:37",3 reviews, 1 star ,"Been to many Wetherspoons and obviously they are what they are, cheap and basic but the food here was awful and the staff unhelpful, rude and robotic, like talking to a plank of wood."
Barbara North,Local Guide,"Sunday, May 31, 2020 09:31:37",32 reviews, 1 star ,Waited 45 mins for our meal. No one told us about the long wait.
Paul Fishes,Local Guide,"Saturday, June 01, 2019 03:42:51",35 reviews,  stars ,Been twice lately food was nice but cold
Helen Lamb,Local Guide,"Thursday, May 31, 2018 09:54:05",3 reviews,  stars ,Cheap and cheerful. Good food and a friendly atmosphere
Stephen McFall,Local Guide,"Sunday, May 31, 2020 09:31:37",  38 reviews,  stars ,Great quality dinners and a drink at cheap prices
Luke Marrison,Local Guide,"Wednesday, May 31, 2017 04:05:19",20 reviews,  stars ,"Standard weatherspoons, service was a little slow as they only had one bar staff on and there was a busy spike because of a group of people ordering cocktails."
Henry Channer,Local Guide,"Sunday, May 31, 2020 09:31:37",  12 reviews,  stars ,Very nice atmosphere and terrific food!
Paul Rudd,Local Guide,"Thursday, May 31, 2018 09:54:05",2 reviews,  stars ,"Very good quality food & good range of hand pulled bitter, keep it up"
Hannah Howlett,Local Guide,"Sunday, May 31, 2020 09:31:37",  48 reviews,  stars ,Nice food. Good deals on drinks.
Mike Epler,Local Guide,"Sunday, May 31, 2020 09:31:37",7 reviews,  stars ,Excellent food and drink for very little money.
Ian White,Local Guide,"Wednesday, May 31, 2017 04:05:19",  904 reviews,  stars ,"Good standard of pub food and food bets.

Offers accommodation at the heart of the town"
Gary Hird,Local Guide,"Sunday, May 31, 2020 09:31:37",  21 reviews,  stars ,Weatherspoons so you know what you are getting! Decent food at good prices.
Bruce Santos,Local Guide,"Wednesday, May 31, 2017 04:05:19",  47 reviews,  stars ,For the price you pay it is good food and nice atmosphere
Jamie McConaghy,Local Guide,"Wednesday, May 31, 2017 04:05:19",5 reviews,  stars ,"Very cheap drinks, standard Weatherspoons food and atmosphere"
Michael Corton,Local Guide,"Sunday, May 31, 2020 09:31:37",  184 reviews,  stars ,Good range of drinks friendly staff
Mark Collins,Local Guide,"Thursday, May 31, 2018 09:54:05",10 reviews,  stars ,Food was fantastic on this visit but consistency is key
smashyourbackdoorin,Local Guide,"Thursday, May 31, 2018 09:54:05",  28 reviews,  stars ,Very cheap drinks and food. Not the best quality food but you get what you pay for.
Big Jim G,Local Guide,"Saturday, June 01, 2019 03:42:51",  619 reviews,  stars ,Basic food and facilities but for the price it's perfectly fine
Bren Roberts,Local Guide,"Saturday, June 01, 2019 03:42:51",  268 reviews,  stars ,"A Wetherspoons is a Wetherspoons so you know what to expect. Big standard food, daily menus, standard beers and ciders etc."
Michael Thomas,Local Guide,"Sunday, May 31, 2020 09:31:37",55 reviews, 1 star ,"Terrible waiting time for breakfast, food over cooked & one meal not actually delivered."
Barbara Eminaga,Local Guide,"Thursday, May 31, 2018 09:54:05",  47 reviews,  stars ,"Varied menu, good food and pleasant service."
Florin Remus Toma,Local Guide,"Saturday, June 01, 2019 03:42:51",  87 reviews,  stars ,Nice pub in the middle of Aylesbury. Good food and a nice selection of local ales.
Stan Best,Local Guide,"Saturday, June 01, 2019 03:42:51",62 reviews,  stars ,"It's a Wetherspoon's, however the Bell is a well run example, they vary. As ever great value."
Peter Hryniewiecki,Local Guide,"Wednesday, May 31, 2017 04:05:19",16 reviews,  stars ,Very nice pub with very good food at a fantastic price!
Les Mangan,Local Guide,"Sunday, May 31, 2020 09:31:37",  152 reviews,  stars ,Food nice but could have been more
Nick Warren,Local Guide,"Tuesday, May 31, 2016 10:16:33",  68 reviews,  stars ,"A Wetherspoons pub, big warm and welcoming, a great place to start off your night out in Aylesbury."
Hemant Yadav,Local Guide,"Thursday, May 31, 2018 09:54:05",  46 reviews,  stars ,Good food and plenty of beer and ale to choose
Debbie Cardnell,Local Guide,"Sunday, May 31, 2020 09:31:37",19 reviews,  stars ,Staff very friendly food was great
Tom Richardson,Local Guide,"Thursday, May 31, 2018 09:54:05",  19 reviews,  stars ,Breakfast is really good and the app to order the food is really convenient
Aaron Halliday,Local Guide,"Monday, August 30, 2021 10:47:42",  52 reviews,  stars ,"Nice place, good customer service"
Callum,Local Guide,"Wednesday, May 31, 2017 04:05:19",  52 reviews,  stars ,Very nice place with lots of seating and reasonable prices
Tom Peney,Local Guide,"Wednesday, May 31, 2017 04:05:19",5 reviews,  stars ,"Nice staff, food came quickly and was of good quality."
Andrew Dorrian,Local Guide,"Wednesday, May 31, 2017 04:05:19",  52 reviews,  stars ,"Good beers, great atmosphere. Now a hotel. Ideal."
Alice Thomas,Local Guide,"Sunday, May 31, 2020 09:31:37",13 reviews,  stars ,"Fabulous accommodation, very clean, lovely staff.  Central location."
Chris Hanson,Local Guide,"Wednesday, May 31, 2017 04:05:19",18 reviews,  stars ,"Nice place, Wetherspoon so good cheap food and drinks."
Mark Stewart,Local Guide,"Thursday, May 31, 2018 09:54:05",7 reviews,  stars ,Had breakfast there which was rally nice and good value for money
Danni Louise,Local Guide,"Thursday, May 31, 2018 09:54:05",1 review, 1 star ,Ordered three breakfasts sat down to eat when food came to find out there is not one bottle of tomato or brown sauce in the establishment
Alex Alexander,Local Guide,"Saturday, June 01, 2019 03:42:51",  225 reviews,  stars ,Typical Wetherspoons good food great selection of drink
George Woods,Local Guide,"Saturday, June 01, 2019 03:42:51",  8 reviews,  stars ,Great food staff all friendly and helpful
Lucy Gilbert,Local Guide,"Thursday, May 31, 2018 09:54:05",  32 reviews,  stars ,"Good pub, standard Wetherspoons faire, decent alcohol selection."
Clair Briony,Local Guide,"Sunday, May 31, 2020 09:31:37",10 reviews,  stars ,Delicious traditional breakfast and unlimited coffee ☕ ☺
Rich Copeland,Local Guide,0,59 reviews,  stars ,Very good. Food is good .Good service.
Gavin Spencer,Local Guide,"Saturday, October 30, 2021 07:45:48",12 reviews,  stars ,The wood fire stunk the whole place out
Valaine Bell,Local Guide,"Thursday, May 31, 2018 09:54:05",  91 reviews, 1 star ,Never go there. Place very dirty food terrible . Stay away.
sam shetliffe,Local Guide,"Sunday, May 31, 2020 09:31:37",1 review, 1 star ,"Rude bar staff , awful food. Never again ."
Stuart Boyle,Local Guide,"Thursday, May 31, 2018 09:54:05",  26 reviews,  stars ,Always a friendly welcome and good range of beers and spirits
Robet Y (Raaaabert),Local Guide,"Thursday, May 31, 2018 09:54:05",  254 reviews,  stars ,"Great rooms, average but passable food."
Jasmyn Slater-Morris,Local Guide,"Sunday, May 31, 2020 09:31:37",1 review,  stars ,Orders got confused and long wait time between meals being brought out from kitchen
Connor Disbrowe,Local Guide,"Friday, April 01, 2022 12:11:03",3 reviews,  stars ,Pretty good
Matt Stevens,Local Guide,"Thursday, May 31, 2018 09:54:05",  44 reviews,  stars ,"Good, newly done rooms. Big bed and surprisingly quiet"
Christopher Cardwell,Local Guide,"Thursday, May 31, 2018 09:54:05",  11 reviews,  stars ,Good food and drink room that I stayed in was of 4 class
Peter,Local Guide,"Saturday, June 01, 2019 03:42:51",23 reviews,  stars ,Haggis keep and tatties. Neeps  and tatties disappointing.  OK price with a double whisky included for less than £10.
Daniel Freeman,Local Guide,"Thursday, May 31, 2018 09:54:05",  733 reviews,  stars ,Smarter than it used to be. Iconic Aylesbury venue rescued courtesy of JD Wetherspoon
Michael Griffiths,Local Guide,"Sunday, May 31, 2020 09:31:37",  369 reviews,  stars ,Had a good meal and friendly staff
william beckett,Local Guide,"Saturday, June 01, 2019 03:42:51",  30 reviews,  stars ,A good Wetherspoons close to the David Bowie memorial statue which is fantastic
Paul HOLMES,Local Guide,"Saturday, June 01, 2019 03:42:51",8 reviews,  stars ,"The bar is under staffed, good quality beer thought"
Paul,Local Guide,"Saturday, June 01, 2019 03:42:51",  48 reviews,  stars ,Service could be a bit quicker but overall good.
Andrew Dowell,Local Guide,"Saturday, June 01, 2019 03:42:51",13 reviews,  stars ,it's not ideal for my wheelchair it's to dig to go through the door nice place though
Margaret Stamp,Local Guide,"Thursday, May 31, 2018 09:54:05",8 reviews,  stars ,Nice room. Comfortable stay. Would use them again.
ju cox,Local Guide,"Sunday, May 31, 2020 09:31:37",  159 reviews,  stars ,"Great food, cheap prices"
David Gsunt,Local Guide,"Sunday, May 31, 2020 09:31:37",45 reviews,  stars ,Too noisy. But the hotel room was nice.
Jonathan Bell,Local Guide,"Thursday, May 31, 2018 09:54:05",  16 reviews,  stars ,"Exactly what a Weatherspoons is supposed to be, cheap and cheerful. All in all a good place to go."
Joanna Porter,Local Guide,"Saturday, June 01, 2019 03:42:51",  52 reviews,  stars ,Love this pub cheap and cheerful food was lovely
Daz Jeff,Local Guide,"Saturday, June 01, 2019 03:42:51",5 reviews, 1 star ,Absolutely piss poor service one person on front of house on a busy hot evening
Yvonne Sharpe,Local Guide,"Sunday, May 31, 2020 09:31:37",  79 reviews,  stars ,Lovely food ...good prices
Madieke Aarssen,Local Guide,"Thursday, May 31, 2018 09:54:05",3 reviews,  stars ,"Lovely breakfast, quick service using the wetherspoons app."
Debra Milner,Local Guide,"Saturday, June 01, 2019 03:42:51",  22 reviews,  stars ,The food was prompt hot and good value
Dawn Wells,Local Guide,"Wednesday, May 31, 2017 04:05:19",  16 reviews,  stars ,Apart from dirty tables I quite like the bell.  Had some good laughs here our the years.
Lee Richards,Local Guide,0,  31 reviews,  stars ,"Outstanding staff and service in the midst of all this palava ,👌👌"
Michael Conroy,Local Guide,"Saturday, June 01, 2019 03:42:51",  12 reviews,  stars ,Very good service bedroom and bathroom best i been to
Paul Heat,Local Guide,"Thursday, May 31, 2018 09:54:05",23 reviews,  stars ,Its alright inside cheap beer not much else to boast about really.
Ruby,Local Guide,0,  104 reviews,  stars ,Lovely place nice and welcoming would go again
Christine Martin,Local Guide,"Sunday, May 31, 2020 09:31:37",  99 reviews,  stars ,Very reasonably priced and nice atmosphere
Meranda James,Local Guide,"Sunday, May 31, 2020 09:31:37",  20 reviews,  stars ,Great food and service M x
Sophie Samme,Local Guide,"Thursday, May 31, 2018 09:54:05",  48 reviews,  stars ,Lovely place to eat great customer service!
Michael Rymer,Local Guide,"Sunday, May 31, 2020 09:31:37",  34 reviews,  stars ,Good range of drinks good food
Kyle Joel,Local Guide,"Saturday, June 01, 2019 03:42:51",  115 reviews,  stars ,Good food and cheap place to eat.
Pete S,Local Guide,"Saturday, June 01, 2019 03:42:51",  211 reviews,  stars ,"Great food, great booze, great value."
Mark,Local Guide,"Thursday, September 30, 2021 09:16:45",  86 reviews,  stars ,Cheap drinks always a bonus
Bill Reilly,Local Guide,"Saturday, June 01, 2019 03:42:51",  123 reviews, 1 star ,"I will revisit this following the building upgrade which is currently taking place. Re-visiting this now, the place is still a dump."
Ryan Maynard,Local Guide,"Wednesday, May 31, 2017 04:05:19",  177 reviews,  stars ,Food comes out fast had starter within 5 minutes really slow service at the bar at lunch times
Kenneth Dingwall,Local Guide,"Saturday, June 01, 2019 03:42:51",1 review,  stars ,"I am in the bell most of the time I am happy with the bell all three best to all that go
There"
Sophie Kobewka,Local Guide,"Thursday, May 31, 2018 09:54:05",  18 reviews,  stars ,"No issues, good place to grab a drink."
Sally Lush,Local Guide,"Thursday, May 31, 2018 09:54:05",  60 reviews,  stars ,"Pretty standard Wetherspoons, usual clientele, cheep on Mondays"
Andy Kirkham,Local Guide,"Saturday, June 01, 2019 03:42:51",  106 reviews,  stars ,Tidy boozer typical wetherspoons good beer good food and good prices
Charles Walczak,Local Guide,"Thursday, May 31, 2018 09:54:05",  116 reviews,  stars ,"Friendly staff, ale good as you would expect from a Wetherspoon"
Stephen Murphy,Local Guide,"Thursday, May 31, 2018 09:54:05",  259 reviews,  stars ,Nice pub really nice hotel..not manic
Stuart Sainsbury,Local Guide,"Saturday, June 01, 2019 03:42:51",30 reviews,  stars ,Good time reasonably priced beer
Chris Preedy,Local Guide,"Sunday, May 31, 2020 09:31:37",  133 reviews,  stars ,"Good breakfast recommend to all, thank you"
Big Bird,Local Guide,"Saturday, June 01, 2019 03:42:51",  22 reviews,  stars ,Food is good an so is the service
Ian&Sue Fray,Local Guide,"Sunday, May 31, 2020 09:31:37",4 reviews,  stars ,Very friendly and a scrumptious breakfast
Barrie Western,Local Guide,"Saturday, June 01, 2019 03:42:51",48 reviews,  stars ,"Good breakfasts,prices and staff"
mark russell,Local Guide,0,  53 reviews,  stars ,Great place to stay and drink
Sivakumar Rajuloo,Local Guide,"Sunday, May 31, 2020 09:31:37",  135 reviews,  stars ,Very cosy place & very good food
ALLYSON BENSON,Local Guide,0,  42 reviews,  stars ,Food was cold eggs not cooked
Beth,Local Guide,"Saturday, July 31, 2021 12:18:39",16 reviews, 1 star ,Still waiting for a refund from this pub..
Adam Troth,Local Guide,"Saturday, June 01, 2019 03:42:51",  31 reviews, 1 star ,Eggs over cooked more like rubber manager didn't care
David Parsons,Local Guide,"Saturday, June 01, 2019 03:42:51",  45 reviews,  stars ,Excellent value for the money. Ideal location.
Tamsin Lloyd-James,Local Guide,"Wednesday, May 31, 2017 04:05:19",  28 reviews,  stars ,"Cheap drinks, good atmosphere!"
BRIAN scarborough,Local Guide,"Saturday, June 01, 2019 03:42:51",18 reviews,  stars ,Nice on outside inside could do with a facelift.
Miguel Luis González,Local Guide,"Sunday, May 31, 2020 09:31:37",  60 reviews,  stars ,Slow service and food below standard for being a spoons.
Howard Thomas,Local Guide,"Saturday, June 01, 2019 03:42:51",  157 reviews,  stars ,Good Wetherspoons and surprisingly good rooms available
Daniel Candler,Local Guide,"Saturday, June 01, 2019 03:42:51",  527 reviews,  stars ,"Not bad, been to better Wetherspoons"
Emma Prill,Local Guide,"Thursday, May 31, 2018 09:54:05",6 reviews,  stars ,"Good food, excellent prices"
Lemon Panda,Local Guide,"Thursday, May 31, 2018 09:54:05",  8 reviews,  stars ,Cheap drinks and good atmosphere
Matt Lawrence,Local Guide,"Wednesday, May 31, 2017 04:05:19",  7 reviews,  stars ,"Good cheap food, fast service"
James,Local Guide,"Sunday, May 31, 2020 09:31:37",  122 reviews,  stars ,When I visited there were no bells currently on vacation.
Thom Greaves,Local Guide,"Thursday, May 31, 2018 09:54:05",  7 reviews,  stars ,"Recently refurbished and looking better, general wheterspoons, cheap and cheerful"
Kevin Suddons,Local Guide,"Thursday, May 31, 2018 09:54:05",  45 reviews,  stars ,Great hotel nice clean rooms
Aimosquidbear Y,Local Guide,"Thursday, May 31, 2018 09:54:05",11 reviews,  stars ,Good value food and drinks
Andrew Collins,Local Guide,0,  168 reviews,  stars ,Great pub great atmosphere
Michael Clarke,Local Guide,"Wednesday, May 31, 2017 04:05:19",  225 reviews,  stars ,Interesting building but given the corporate Wetherspoon treatment.
Jon Martin,Local Guide,"Thursday, May 31, 2018 09:54:05",2 reviews,  stars ,"Great location, friendly staff - really helpful"
Terry Winfield,Local Guide,"Thursday, July 01, 2021 01:49:36",10 reviews, 1 star ,Great meal thanks
David Hough,Local Guide,"Saturday, June 01, 2019 03:42:51",  67 reviews,  stars ,Good spot close to town center and night life
Anthony Boyd,Local Guide,"Sunday, May 31, 2020 09:31:37",13 reviews,  stars ,Tidy pùb good beer and service
E B,Local Guide,"Saturday, June 01, 2019 03:42:51",  12 reviews, 1 star ,Very rude and very very young staff that dont know there arse from there elbow
Neil Seaman,Local Guide,"Saturday, June 01, 2019 03:42:51",  6 reviews,  stars ,Why are beer pump on show when the beer is not ready to drink?
jamie bawn,Local Guide,"Sunday, May 31, 2020 09:31:37",  208 reviews,  stars ,Definitely one of the country's nicer weatherspoons
Ollie Chilvers,Local Guide,"Thursday, May 31, 2018 09:54:05",3 reviews,  stars ,"Good atmosphere, nicely laid out."
David Gray,Local Guide,"Sunday, May 31, 2020 09:31:37",25 reviews,  stars ,Typical Wetherspoons but needs a bit of a tlc
G B,Local Guide,"Thursday, May 31, 2018 09:54:05",  11 reviews,  stars ,"It's a Wetherspoons, same as you would find in every other part of the county"
Owen Comiskey,Local Guide,"Thursday, May 31, 2018 09:54:05",  208 reviews,  stars ,Good for food and quiet drink
Susan Higgins,Local Guide,"Saturday, June 01, 2019 03:42:51",  16 reviews,  stars ,It OK don't go in there very often
Joanna Constable,Local Guide,"Thursday, May 31, 2018 09:54:05",  17 reviews,  stars ,Nice kids breakfast till 12
jhallam890,Local Guide,"Saturday, June 01, 2019 03:42:51",10 reviews,  stars ,Nice place lots of drinks
sherrylea priest,Local Guide,"Saturday, June 01, 2019 03:42:51",3 reviews,  stars ,Love it so much keep going back
andy mills,Local Guide,"Thursday, May 31, 2018 09:54:05",  33 reviews,  stars ,"Decent mixed Grill, reasonable prices"
Vivien Walsh,Local Guide,"Sunday, May 31, 2020 09:31:37",23 reviews,  stars ,Good service & reasonable prices
Mark Perry,Local Guide,"Wednesday, May 31, 2017 04:05:19",  17 reviews,  stars ,The bell has been sharpened up nicely nice1
peter williams,Local Guide,"Saturday, June 01, 2019 03:42:51",  318 reviews,  stars ,Pizzas are a good addition to the menu
Maria-Teodora Pop,Local Guide,"Thursday, May 31, 2018 09:54:05",3 reviews,  stars ,Great service and amazing atmosphere!
Charlie Garner,Local Guide,"Thursday, May 31, 2018 09:54:05",  68 reviews,  stars ,Very cheeky. Very cheap. Very burnt chicken.
scott wagstaff,Local Guide,"Sunday, May 31, 2020 09:31:37",  449 reviews,  stars ,It's a spoons. Cheap but not cheerful.
Stephen Crowther,Local Guide,"Wednesday, May 31, 2017 04:05:19",  9 reviews,  stars ,Great food and great staff.
Tony Turvey,Local Guide,"Wednesday, May 31, 2017 04:05:19",  25 reviews,  stars ,Good place for a cheap drink and food
Christina Austin,Local Guide,"Thursday, May 31, 2018 09:54:05",103 reviews,  stars ,Great friendly place fantastic staff the place to go
funkyx486,Local Guide,"Thursday, May 31, 2018 09:54:05",7 reviews,  stars ,"Pub is reasonable, food is excellent"
Mark Osborne,Local Guide,"Thursday, May 31, 2018 09:54:05",  13 reviews,  stars ,Good place for a cheap beer!
Duncan Maclachlan,Local Guide,"Saturday, June 01, 2019 03:42:51",13 reviews,  stars ,Friendly fun good food
LEONARDO BERNARD,Local Guide,"Sunday, May 31, 2020 09:31:37",17 reviews, 1 star ,Cannot understand why the management is still there!
len lynch,Local Guide,0,  272 reviews,  stars ,It's a Witherspoon's say no more
Laura JP,Local Guide,"Sunday, May 31, 2020 09:31:37",  100 reviews,  stars ,"Who doesn't love a spoons, can't go wrong"
Jason Davies,Local Guide,"Thursday, May 31, 2018 09:54:05",  121 reviews,  stars ,"Looked a bit run down, an average pub"
Darren Washington,Local Guide,"Saturday, June 01, 2019 03:42:51",  47 reviews,  stars ,Typical Wetherspoons cheap drink before the club
Ben blackman,Local Guide,"Wednesday, May 31, 2017 04:05:19",6 reviews,  stars ,Cheap drinks and friendly staff
Evelyn Jarczewski,Local Guide,"Thursday, May 31, 2018 09:54:05",5 reviews,  stars ,My favourite local pub!
Caroline Boyes,Local Guide,"Sunday, May 31, 2020 09:31:37",  59 reviews,  stars ,Nice place to eat 😊
Craig Duncan,Local Guide,"Wednesday, May 31, 2017 04:05:19",  194 reviews,  stars ,Good beer cheap prices
Daniel H,Local Guide,"Thursday, May 31, 2018 09:54:05",2 reviews,  stars ,"Cheap drinks, not too roudy."
Sue Ashton,Local Guide,"Thursday, May 31, 2018 09:54:05",  16 reviews,  stars ,Value for money. Use the bell a lot!
Hannah Howlett,Local Guide,"Saturday, June 01, 2019 03:42:51",  116 reviews,  stars ,Good place for lunch.
Chris Randall,Local Guide,"Thursday, May 31, 2018 09:54:05",  2 reviews,  stars ,"Cheap drinks, not too busy"
Yvonne Vonwoodruff,Local Guide,"Sunday, May 31, 2020 09:31:37",12 reviews,  stars ,Friendly staff and always helpful
Ketul Patel,Local Guide,"Wednesday, May 31, 2017 04:05:19",  483 reviews,  stars ,As Wetherspoons go. not bad
Stuart Berry,Local Guide,"Saturday, June 01, 2019 03:42:51",  61 reviews,  stars ,Nice place to bump into old friends
LexiaBoo x,Local Guide,"Thursday, May 31, 2018 09:54:05",2 reviews,  stars ,"Affordable, lovely food and fun"
laurentiu dumitriu,Local Guide,"Saturday, June 01, 2019 03:42:51",5 reviews,  stars ,"Was really nice place, thanks !"
Andrew Farmer,Local Guide,"Thursday, May 31, 2018 09:54:05",8 reviews,  stars ,Good drinks and meal.
Lee Richardson,Local Guide,"Wednesday, May 31, 2017 04:05:19",1 review,  stars ,Very good service. Good prive
Kenneth Formston,Local Guide,"Sunday, May 31, 2020 09:31:37",1 review,  stars ,Eggs  Benedict and a pint can't beat it.
Andy Foley,Local Guide,"Sunday, May 31, 2020 09:31:37",5 reviews,  stars ,"Average accommodation, noisy at night"
Daryl Robson-Gomm,Local Guide,"Saturday, June 01, 2019 03:42:51",  130 reviews,  stars ,Great value in a great location.
Ondřej Kus,Local Guide,"Saturday, June 01, 2019 03:42:51",8 reviews,  stars ,Best breakfest and Coffee .
Monica Corr,Local Guide,"Thursday, May 31, 2018 09:54:05",1 review, 1 star ,glass of white wine was in sticky unclean glass
Jacki Flower,Local Guide,"Thursday, May 31, 2018 09:54:05",  28 reviews,  stars ,Good service for a great price
Michael Ross,Local Guide,0,  77 reviews,  stars ,Great service 4star
Nicholas Hood,Local Guide,"Thursday, May 31, 2018 09:54:05",  37 reviews,  stars ,Cheap well kelt drinks
Ryan Gould,Local Guide,"Sunday, May 31, 2020 09:31:37",  34 reviews,  stars ,Nice pint
Stephen Paul,Local Guide,"Sunday, May 31, 2020 09:31:37",  57 reviews,  stars ,Nothing special as such but adequate
Steve Sculthorp,Local Guide,"Sunday, May 31, 2020 09:31:37",  109 reviews,  stars ,"Not great, just ok"
James Sturdy,Local Guide,"Saturday, June 01, 2019 03:42:51",9 reviews,  stars ,"Slow service, but cheap..."
Graham Hampton,Local Guide,"Saturday, July 31, 2021 12:18:39",14 reviews,  stars ,Fantastic
Julia Iddon,Local Guide,"Wednesday, May 31, 2017 04:05:19",  18 reviews,  stars ,"It's a weatherspoons, you get what you expect"
Carol Winfield,Local Guide,"Saturday, June 01, 2019 03:42:51",3 reviews,  stars ,Food and drink excellent
Kelvin Mayhew,Local Guide,"Thursday, September 30, 2021 09:16:45",34 reviews, 1 star ,Rubbish
Moira Gill,Local Guide,"Thursday, May 31, 2018 09:54:05",  13 reviews,  stars ,Bedrooms are really nice.
clare norton,Local Guide,"Thursday, September 30, 2021 09:16:45",10 reviews,  stars ,Nice staff
gizmocrystal,Local Guide,"Saturday, June 01, 2019 03:42:51",  51 reviews,  stars ,Normal run of the mill pub
Shirley Scott,Local Guide,0,  128 reviews,  stars ,Excellent good value
Jack Sims,Local Guide,"Thursday, May 31, 2018 09:54:05",5 reviews,  stars ,Standard weatherspoons type pub
Mark Robinson,Local Guide,"Sunday, May 31, 2020 09:31:37",  247 reviews,  stars ,Breakfast was great
joan campball,Local Guide,"Sunday, May 31, 2020 09:31:37",425 reviews, 1 star ,No we walking pass
Joseph Macdonald,Local Guide,"Wednesday, May 31, 2017 04:05:19",3 reviews,  stars ,Good cheap breakfast
Jamie M,Local Guide,"Saturday, June 01, 2019 03:42:51",  15 reviews,  stars ,Like every other spoons
Michael Llewellyn,Local Guide,"Sunday, May 31, 2020 09:31:37",  10 reviews,  stars ,Great accommodation.
walkers crisps,Local Guide,"Thursday, May 31, 2018 09:54:05",  18 reviews,  stars ,"Chips, chicken and cheese with the mandem"
Burnett Christopher,Local Guide,"Saturday, June 01, 2019 03:42:51",60 reviews,  stars ,Pleasent and good value
Zoltan Deak,Local Guide,"Sunday, May 31, 2020 09:31:37",  27 reviews,  stars ,"Nice place, servicess"
Eddie Sillence,Local Guide,"Saturday, June 01, 2019 03:42:51",  29 reviews,  stars ,Food food and cheap beer.
DANIEL MEAKIN,Local Guide,"Sunday, May 31, 2020 09:31:37",  137 reviews,  stars ,Nice and cosy
Sasuke Uchiha 666,Local Guide,"Sunday, May 31, 2020 09:31:37",3 reviews,  stars ,Great food
Peter King,Local Guide,"Saturday, June 01, 2019 03:42:51",  842 reviews,  stars ,Good for drinks
Karen Hathaway,Local Guide,"Sunday, May 31, 2020 09:31:37",  54 reviews,  stars ,Room was nice
paul innes,Local Guide,"Saturday, June 01, 2019 03:42:51",  81 reviews,  stars ,Excellent thank you
Paul Batson,Local Guide,"Saturday, June 01, 2019 03:42:51",18 reviews,  stars ,Can get busy
Sonal Jain,Local Guide,"Sunday, May 31, 2020 09:31:37",21 reviews,  stars ,Good ambiance
England Bin Vehicles,Local Guide,0,6 reviews,  stars ,Helpful gentlemen's
Adrian Trinder,Local Guide,"Thursday, May 31, 2018 09:54:05",  304 reviews,  stars ,Usual Wetherspoons fare
Jamie Lawton,Local Guide,"Thursday, May 31, 2018 09:54:05",10 reviews,  stars ,Good drinks
Tony,Local Guide,"Saturday, June 01, 2019 03:42:51",  152 reviews,  stars ,Ok..
Dee G,Local Guide,"Thursday, May 31, 2018 09:54:05",6 reviews,  stars ,Lovely place!
Catalin Paval,Local Guide,"Sunday, May 31, 2020 09:31:37",  67 reviews,  stars ,Excellent place !
Gary Robinson,Local Guide,"Wednesday, May 31, 2017 04:05:19",1 review,  stars ,People talking to you not at you
Jacqueline Bussey,Local Guide,"Sunday, May 31, 2020 09:31:37",  73 reviews,  stars ,"Tim Martin, legend"
Jim R,Local Guide,"Saturday, June 01, 2019 03:42:51",  923 reviews,  stars ,Ok
liamardo007,Local Guide,"Sunday, May 31, 2020 09:31:37",  303 reviews, 1 star ,Dump
Mark Griffin,Local Guide,"Saturday, June 01, 2019 03:42:51",  43 reviews,  stars ,Excellent
Finuala Dawson,Local Guide,"Sunday, May 31, 2020 09:31:37",14 reviews,  stars ,Fine
Martin Gilligan,Local Guide,"Saturday, June 01, 2019 03:42:51",1 review,  stars ,Welcoming
Mark Robinson,Local Guide,"Thursday, May 31, 2018 09:54:05",7 reviews,  stars ,Good value
Les Mullender,Local Guide,"Saturday, June 01, 2019 03:42:51",  15 reviews,  stars ,😋😚
rory williams,Local Guide,"Wednesday, May 31, 2017 04:05:19",  82 reviews,  stars ,Cheap and pleasant
Katie Wallace,Local Guide,"Wednesday, May 31, 2017 04:05:19",  17 reviews,  stars ,Relaxed and friendly
J SK,Local Guide,"Wednesday, May 31, 2017 04:05:19",  178 reviews,  stars ,Good value
Stewart Cox,Local Guide,"Saturday, June 01, 2019 03:42:51",85 reviews,  stars ,Cheap and OK.
Elizabeth Bentley,Local Guide,"Thursday, May 31, 2018 09:54:05",13 reviews,  stars ,Get what you pay for
Michael Britnell,Local Guide,"Wednesday, May 31, 2017 04:05:19",4 reviews,  stars ,Cheap and decent
neil martin,Local Guide,"Sunday, May 31, 2020 09:31:37",37 reviews,  stars ,Cheap beer
Allison Jack,Local Guide,"Thursday, May 31, 2018 09:54:05",6 reviews,  stars ,Always great
Nadine Elgumati,Local Guide,"Thursday, May 31, 2018 09:54:05",  31 reviews,  stars ,Love the app
Ryan Pluckrose,Local Guide,"Thursday, May 31, 2018 09:54:05",  109 reviews,  stars ,Cheap and cheerful
Rosemary Griggs,Local Guide,"Sunday, May 31, 2020 09:31:37",29 reviews,  stars ,Great place
Bernadette Creaser,Local Guide,"Thursday, May 31, 2018 09:54:05",4 reviews,  stars ,Good service
Thom Markey,Local Guide,"Wednesday, May 31, 2017 04:05:19",  10 reviews,  stars ,Nice refrubishment
Jordan Alexander Hartley,Local Guide,"Thursday, May 31, 2018 09:54:05",  9 reviews,  stars ,Cheap drinks
Peter Jones,Local Guide,"Thursday, May 31, 2018 09:54:05",6 reviews,  stars ,COMPANY
Paul Griffiths,Local Guide,"Thursday, May 31, 2018 09:54:05",  15 reviews,  stars ,Okay
Ayman Haroon-Doyle,Local Guide,"Thursday, May 31, 2018 09:54:05",  21 reviews,  stars ,No
Piotr Popek,Local Guide,"Thursday, May 31, 2018 09:54:05",  3 reviews,  stars ,Very cheap
Teresa Thomas,Local Guide,"Thursday, May 31, 2018 09:54:05",  36 reviews,  stars ,It was friendly
Jamie Budgett,Local Guide,"Saturday, June 01, 2019 03:42:51",  195 reviews,  stars ,Typical spoons
Alex Goodridge,Local Guide,"Thursday, May 31, 2018 09:54:05",  35 reviews,  stars ,It is what it is
Laurence Phillips,Local Guide,"Thursday, May 31, 2018 09:54:05",  150 reviews,  stars ,Classic ennit
Tom Richardson,Local Guide,"Saturday, June 01, 2019 03:42:51",  46 reviews,  stars ,Breakfast.
Ilenia Icolari,Local Guide,"Thursday, September 30, 2021 09:16:45",  423 reviews,  stars ,"(Translated by Google) The pub itself is good, even for the food it is not bad. The staff is a constant change. The only thing is the hotel, the rooms are semi-perfect, but the prices are too high. Considering that breakfast is not …"
Piotr,Local Guide,"Sunday, May 31, 2020 09:31:37",  53 reviews,  stars ,"(Translated by Google) An atmospheric, typical English pub, where they at least pour it full, with no combination. Affordable prices and tasty food. Professional bartenders. …"
Jean Pierre Raillard,Local Guide,"Thursday, May 31, 2018 09:54:05",  71 reviews,  stars ,"(Translated by Google) Very good value for money. The room is superb and the price ridiculously low. Good beer at a very low price. Breakfast is to be avoided, the coffee is terrible. …"
Esperanza Figueroa,Local Guide,"Saturday, June 01, 2019 03:42:51",6 reviews,  stars ,(Translated by Google) Very good service from the staff and the room very well. Would go again …
Gianluca Marrese,Local Guide,"Thursday, May 31, 2018 09:54:05",  11 reviews,  stars ,"(Translated by Google) Classic English Pub fair price and relaxing environment.

(Original) …"
Ruben Piqueres,Local Guide,"Saturday, June 01, 2019 03:42:51",  17 reviews, 1 star ,"(Translated by Google) The service is horrible, 1h and a half of waiting telling us that there were 20 minutes, we left without eating …"
Wiesław Bujak,Local Guide,"Saturday, June 01, 2019 03:42:51",  155 reviews,  stars ,"(Translated by Google) Good food and drink 🍻

(Original)
Dobre jedzenie i picie 🍻"
big pato,Local Guide,"Saturday, July 31, 2021 12:18:39",2 reviews,  stars ,"(Translated by Google) bright

(Original)
brillant"
ciaran mccormack,Local Guide,"Saturday, July 31, 2021 12:18:39",  24 reviews,  stars ,"(Translated by Google) Clicky

(Original)
Cliquey"
