Reviewer_Name,Reviewer_Type,Review_Time,Num_of_Review,Stars,Review_Comment
Mark Sutton,Local Guide,"Monday, May 31, 2021 03:25:51",  780 reviews, 5 stars ,"Undoubtedly my favourite Wetherspoons pub so far. Very clean and well laid out. Fantastic provisions for social distancing. Extremely friendly and helpful staff serving exceptionally tasty, hot and reasonably priced food. There's a car park …"
Ivor Fortune,Local Guide,"Sunday, May 01, 2022 10:45:34",17 reviews, 1 star ,"They’ve started the curry night on Thursday.
Three of us went.
We each had a small bowl of curry. Two tablespoons and it had gone. …"
Caroline Preston,Local Guide,"Tuesday, May 10, 2022 09:14:37",24 reviews, 3 stars ,We went for meal with our friends on Saturday to wetherspoons in aberdare. It was to loud and very busy. Meal was nice but there wasn't many staff there to make sure all tables were cleaned tidy.
Ria Davies,Local Guide,"Sunday, January 30, 2022 03:18:25",  139 reviews, 5 stars ,"I visit this place when I go home. Friendly, local, and easy place to meet my family."
Tina Jones,Local Guide,"Friday, April 01, 2022 12:16:31",2 reviews, 5 stars ,"My favourite weatherspoons so far , food is good service is quick even when they are busy,  staff really friendly and professional,  and the price well two meals and soft drinks for £15 happy days well done to you all x"
Dave Smith,Local Guide,"Tuesday, March 01, 2022 01:47:28",12 reviews, 5 stars ,"We've just had fish and chips here, it was delicious, lovely friendly staff and a great atmosphere. Would recommend this to anyone"
"Lauren ,x",Local Guide,"Tuesday, November 30, 2021 06:20:19",4 reviews, 1 star ,"Sat at table 52 today and ordered the large mixed grill and empire state burger. Absolutely foul, what felt like rubber meat on the mixed grill and a burnt burger. The burger was that cold not even the cheese was melted. We watched our food …"
David J,Local Guide,"Sunday, May 01, 2022 10:45:34",  19 reviews, 1 star ,Drinks came after food. food was not hot and had some sort of jelly on the chicken and missing items wouldn't bother going here
Phil Rawlinson,Local Guide,"Saturday, October 30, 2021 07:51:16",35 reviews, 4 stars ,"My wife and I were served up with excellent meals, and the prices were extremely fair. I will definitely eat there again while we're in the area.
We both found the large restaurant area was a bit cold, otherwise it would be a score of 5 stars."
James Houghton,Local Guide,"Thursday, December 30, 2021 04:49:22",  99 reviews, 2 stars ,Not great. Poorly organised/managed. Missing items from meals (having run out) with no apology or alternatives offered. I won't be returning.
jammie Abdullah,Local Guide,"Tuesday, March 01, 2022 01:47:28",  182 reviews, 5 stars ,What an amazing valentines with great company x food was excellent and wine was amazing x she adored her vega curry and we will both come here again x
julie jones,Local Guide,"Sunday, January 30, 2022 03:18:25",  41 reviews, 5 stars ,"Food was lush,pint was real good."
Jamie Skyrme,Local Guide,"Thursday, December 30, 2021 04:49:22",  287 reviews, 5 stars ,Best food I've ever had in a Wetherspoons. Had a large mixed grill. Staff very attentive. Service was fast.
Ian Dinmore,Local Guide,"Sunday, May 01, 2022 10:45:34",  271 reviews, 1 star ,Usual dire service and did not like the look of the food being served so went elsewhere after using the WiFi
luvgonzo,Local Guide,"Sunday, May 01, 2022 10:45:34",  26 reviews, 3 stars ,"Dirty. Slow service with miserable staff, beers cheap food is decent for a snack."
Honora Furlong,Local Guide,"Saturday, July 31, 2021 12:24:07",11 reviews, 1 star ,"Food was acceptable but it was dirty, tables full of dirty dishes, no interest in cleaning away and wiping down these tables. The whole place needs a good clean up, everything looks grubby and shabby. I realise the drinks are cheap but not …"
andrew van tonder,Local Guide,"Tuesday, November 30, 2021 06:20:19",30 reviews, 5 stars ,"Excellent food, service a bit slow during the busy time but that’s understandable. Very well laid out. Will defiantly go again"
kerry williams,Local Guide,"Sunday, May 01, 2022 10:45:34",6 reviews, 4 stars ,"Lovely curry, needed more staff on as busy but good apart from that"
Lea R,Local Guide,"Saturday, July 31, 2021 12:24:07",  13 reviews, 5 stars ,"Friendly staff, lovely food & safety posters in the restrooms."
Steve Boggis,Local Guide,"Tuesday, March 01, 2022 01:47:28",  8 reviews, 2 stars ,"Very poor breakfast,  couldn't cut my fried egg , it was that overcooked"
Paul Richards,Local Guide,"Thursday, December 30, 2021 04:49:22",2 reviews, 4 stars ,Like the olde rosie cider. Staff there always shake the box which make the cider as it should be cloudy. Very good .
Sara cowdry,Local Guide,"Thursday, December 30, 2021 04:49:22",  15 reviews, 1 star ,breakfast was terrible my egg was slimy  clearly not cooked 🤮 and the rest of the food was cold and dry like it had been left under the hot plate  for way to long
Carl Barter,Local Guide,"Tuesday, May 24, 2022 09:14:37",  66 reviews, 5 stars ,"Great service , and was so glad to see how clean and hygienic they are here foods lovely family and kids friendly"
Ondine Bult,Local Guide,"Monday, May 31, 2021 03:25:51",  84 reviews, 5 stars ,"Lovely staff, great big beer garden with covered seating and smoking and no smoking options.. Basic pub grub at reasonable prices. Totally worth a visit. You can order from the servers or from your phone. Test and trace in place."
Ken Lloyd,Local Guide,"Sunday, January 30, 2022 03:18:25",16 reviews, 3 stars ,"Enjoyed my meal with a good pint, didn't wait t long either,"
Tasha G,Local Guide,"Sunday, January 30, 2022 03:18:25",19 reviews, 5 stars ,Nice food at the end of the night. Generous portions 👍
Tracey pearce,Local Guide,"Tuesday, November 30, 2021 06:20:19",52 reviews, 5 stars ,"Good food and drinks, reasonably priced toilets need more attention butt on the hole a nice experience"
Tekkerz TV,Local Guide,"Tuesday, March 01, 2022 01:47:28",8 reviews, 3 stars ,Ok food bit dry but staff were helpful
Derek Hall,Local Guide,"Sunday, May 01, 2022 10:45:34",7 reviews, 5 stars ,Lovely food we really enjoyed.
Yvonne Loring,Local Guide,"Thursday, July 01, 2021 01:55:04",7 reviews, 2 stars ,"Not a very good experience and won't be back for a good while, eg after this covid is over hopefully, meal arrived after not to long a wait that was good, what was unexceptable was drinks were no where in sight after 40 mins complain at bar …"
Gurkins,Local Guide,"Monday, May 31, 2021 03:25:51",1 review, 2 stars ,"Drinks took 40 minutes. Asked twice and all they said was ""only 1 person serving at the bar"" and had no care in the world. Definitely the worst service I've ever had, didn't deal with the situation or apologise at all. I didn't want to …"
Ashley Handley,Local Guide,"Thursday, December 30, 2021 04:49:22",10 reviews, 4 stars ,Great for a spoons... shame the large male bouncer is a typical power tripping knuckle dragger
Sarah Louise Hollingsworth,Local Guide,"Tuesday, May 10, 2022 09:14:37",  36 reviews, 4 stars ,Friendly environment with friendly service.  Orders at the table via the app makes it easier all round.  Indoor and outdoor facilities make it a great place to commune.
laura lippy,Local Guide,"Tuesday, March 01, 2022 01:47:28",5 reviews, 2 stars ,Food absolutely stone cold didn't enjoy the food either
Harrison Ford,Local Guide,"Saturday, July 31, 2021 12:24:07",10 reviews, 2 stars ,Very poor service. Had to wait 30 minutes just for 2 drinks on 2 separate orders and the place was half dead. You wouldn't get that in any other spoons I've been to. This is easily one of the worst
Joshua Crysell,Local Guide,"Monday, August 30, 2021 10:53:10",11 reviews, 2 stars ,The seating was too small. The food was hot but not cooked. The drinks were not brought out to us. The bar staff were rude. Not the best Spoons I've been too and I won't be going again.
Alun Jarman,Local Guide,"Thursday, September 30, 2021 09:22:13",  12 reviews, 4 stars ,"As good as it is it needs a bit of an update regarding decor etc but the service,food and drinks were what is usually expected."
Bethan-marie Lilley,Local Guide,"Monday, August 30, 2021 10:53:10",2 reviews, 1 star ,"Rude staff, drinks missing, got the food before the drinks and the chips were still frozen inside. Dirty table and full atmosphere"
Delster Rogers,Local Guide,"Sunday, May 01, 2022 10:45:34",3 reviews, 4 stars ,Good food and drink @ a fare price
Brad Willis,Local Guide,"Tuesday, May 10, 2022 09:14:37",  308 reviews, 5 stars ,"Very large Wetherspoons, lots of seating, including outdoors. Narrow, winding stairs to the toilet. Usual fast service and standards of Wetherspoons."
Vivienne Carrington,Local Guide,"Thursday, May 31, 2018 09:59:33",  207 reviews, 5 stars ,"Good value for money, with two for offers on. Breakfast is served until 12. Then lovely food served after that. Even the steaks were nicely cooked. Jacket potatoes were not yesterdays ones warmed up. And the chips were lovely. You have to …"
Mia Lewis,Local Guide,"Sunday, May 31, 2020 09:37:05",11 reviews, 5 stars ,Popped in on our way home to Bristol from the waterfalls for our well deserved tea. The service was great and the food was very tasty and well prepared. All of this despite it being the hottest day of the year and the second hottest in the …
John holleran,Local Guide,"Monday, May 31, 2021 03:25:51",8 reviews, 3 stars ,It's not the greatest breakfast you can get but the Guinness is well worth it. 👍
Elaine Lewis,Local Guide,"Saturday, June 01, 2019 03:48:19",3 reviews, 5 stars ,Could not fault  the service or the food. The young female manager who served me was very pleasant. Offered instruction on using the coffee machine and gave an accurate time scale for arrival of the food.You get what you pay for so that's …
Ria Rees,Local Guide,"Monday, August 30, 2021 10:53:10",39 reviews, 1 star ,"Food was terrible handful of chips not enough for a child let alone an adult, got to pay extra for salad peas or mushrooms, meals very small, had a bad belly 2 days after eating there, my daughters pizza was burnt couldn't eat it, very dirty not clean at all.. First and last time I'll ever eat there again...."
Lee Hughes,Local Guide,"Saturday, June 01, 2019 03:48:19",  31 reviews, 4 stars ,It's your typical 'Spoons but has a brighter atmosphere than most wetherspoons. The staff were very helpful and our food came out quickly after we ordered. The food is cheap but good quality. The pub is family friendly and a good place to go have a relaxing drink and a bite to eat.
Jodi Lee Harland,Local Guide,"Wednesday, May 31, 2017 04:10:47",  19 reviews, 4 stars ,"Very impressed with the new vegetarian/vegan menu. Both my daughters are vegan, so good to know they can now go somewhere local and are able to have a decent meal and a dessert. Waiting time was really good as there were seven of us. Good value for what you get. Friendly and helpful staff also."
Alistair Goodland,Local Guide,"Saturday, June 01, 2019 03:48:19",  26 reviews, 5 stars ,"very cheap and very tasty food and drink, with table service available, I often sit in the quiet area and have to say every single experience is always warm and welcoming. I will be a regular customer here as I'm too unwell to often cook for myself, so this place welcomes me with open arms! Can't say any better from my local pub!"
Sarah Betenson,Local Guide,"Monday, May 31, 2021 03:25:51",8 reviews, 4 stars ,"Its a wetherspoons so you know what you're getting. Some staff are amazing, some aren't, but they all seem to try. Drinks are obviously brilliant, and I never have a bad meal there. They're ways of working during Covid have been incredible …"
Anthony Howells,Local Guide,"Thursday, December 30, 2021 04:49:22",4 reviews, 4 stars ,Got fairly busy but no real problems getting served
Starlene Marshall,Local Guide,"Saturday, June 01, 2019 03:48:19",  12 reviews, 3 stars ,"The pub has started to get run down.. decor wise, it needs a revamp now. I'm a local and most times the food comes out hot and cooked nicely, only once I've ever sent an item of food back and that was a cold nan bread!! All in all polite and good service."
Allan Dean,Local Guide,"Sunday, May 31, 2020 09:37:05",10 reviews, 3 stars ,"Venue nice and clean. Staff polite and friendly. Fool below usual Wetherspoons standard. I had manager special, Turkey dinner, meat, peas & carrots ok but pigs in blankets burnt and mash had been microwaved until top was solid & I had to …"
Mark Dixon,Local Guide,"Thursday, July 01, 2021 01:55:04",  21 reviews, 4 stars ,"Food was nice and served really quickly. Only downside, there can be some drunk teenagers sometimes. It's spoons!!!"
derek goodwin,Local Guide,"Thursday, September 30, 2021 09:22:13",29 reviews, 1 star ,"Bit of joke really.we phoned  up to see if we had to book a table , this wasn't the case .When we arrived  they had nothing on the menu. Complete  joke very very bad management."
Janice Jallow,Local Guide,"Saturday, June 01, 2019 03:48:19",  52 reviews, 3 stars ,"I visit here quite often whether it's for a meal or just a coffee. The free refill tea/coffee are great value for money and wouldn't go anywhere else.
However on this particular occasion 7/1/19.  I visited with my daughter and …"
Harley Roberts,Local Guide,"Thursday, May 31, 2018 09:59:33",  61 reviews, 5 stars ,"Gorgeous place, these guys really know how to hold an atmosphere while also providing amazing drinks at the same time. Staff are friendly and hardworking and it Alisha genuinely a pleasure to eat and drink here. Even during the day, this …"
Michael Bounds,Local Guide,"Sunday, May 31, 2020 09:37:05",  26 reviews, 5 stars ,This has to be the best of the wetherspoons around the area. The service we all received was outstanding the meals where piping hot with no issues found. The pub was clean and tidy compared to the others that's around. If you've had a bad …
Leigh Morgan,Local Guide,"Sunday, May 31, 2020 09:37:05",56 reviews, 1 star ,"Had to ask for table to be cleared, then again for it to be cleaned. We had to wait 50 mins for our meals and when my husband's arrived it was cold, not just cool,  a skin had  formed over the mushy peas. The cutlery we were given was …"
Peter Webb,Local Guide,"Sunday, May 31, 2020 09:37:05",  35 reviews, 1 star ,"Average Wetherpoons with nothing outstanding on the building itself which used to be the main Post Office, apart from the entrance itself. Typically, there are many steps to climb to get to the toilets, and this could be an issue for those …"
SophIsAQT,Local Guide,"Monday, May 31, 2021 03:25:51",  11 reviews, 5 stars ,"Really good food here and an all round friendly experience from both customers and staff, I'll definitely be returning!"
Kelly Rowlands,Local Guide,"Saturday, October 30, 2021 07:51:16",  13 reviews, 5 stars ,I wanted Apple Crumble But they had run out
Robert Mead,Local Guide,"Saturday, July 31, 2021 12:24:07",44 reviews, 4 stars ,"It does take a while to get served due to the pandemic, but the staff were very helpful."
Sarah Sminxie Hollingsworth,Local Guide,"Saturday, July 31, 2021 12:24:07",  14 reviews, 4 stars ,Good customer service and can order via the app or ask for assistance.
chelsea wood,Local Guide,"Thursday, September 30, 2021 09:22:13",1 review, 1 star ,"Certain staff are just rude, spoke nicely to this man who was just rude towards me, won't be returning."
Andy Jenkins,Local Guide,"Saturday, October 30, 2021 07:51:16",  89 reviews, 5 stars ,"Great place, safe, staff are excellent."
Mollie Olivia,Local Guide,"Monday, May 31, 2021 03:25:51",1 review, 1 star ,moved our table in to the rain to ‘social distance’ yet still wasn’t 2m away. unfair to have more tables than umbrellas knowing what the weathers like here
Nigel Rawson,Local Guide,"Thursday, July 01, 2021 01:55:04",20 reviews, 4 stars ,Usual good value food and drink. Unfortunately very tired decor definitely needs a refurb.
Nadine Harford,Local Guide,"Saturday, October 30, 2021 07:51:16",  28 reviews, 3 stars ,Nice meal with my son but dessert was served before food
C.J. Evans,Local Guide,"Sunday, May 31, 2020 09:37:05",  24 reviews, 4 stars ,Excellent gin selection and super friendly staff that were pleasant to talk to and even though one had got my drink order wrong (which was quickly & efficiently rectified) it didn't really matter at all. We had a good laugh about it. Everyone makes mistakes :)
simon davies,Local Guide,"Thursday, July 01, 2021 01:55:04",  59 reviews, 4 stars ,Lovley food. Decent service
Genene Morgan,Local Guide,"Saturday, July 31, 2021 12:24:07",  21 reviews, 3 stars ,Beers are good good undercover outside space staff are friendly my small fish and chips was awful tho the peas were horrible chips were hard gone right off the food here
Nicola Garbett,Local Guide,"Thursday, September 30, 2021 09:22:13",  76 reviews, 5 stars ,Very good food and very good service. Outside area lovely too
Andrew Jenkins,Local Guide,"Saturday, June 01, 2019 03:48:19",  39 reviews, 1 star ,If you are disabled you can only enter via rear courtyard which is not advertised anywhere near front door. The fish was 1 inch square of fish and 10 inches of better. If you ask the staff for anything be prepared to never receive it unless you ask several times and eventually ask for the manager to make a complaint.
sam evans,Local Guide,"Saturday, June 01, 2019 03:48:19",  10 reviews, 1 star ,Awful. There was a limited menu.. lots of meals not available.. so 2 of our party and to change the order. The food came out at different times so we couldn't eat at the same time. My chicken burger was undercooked and tasted gross. This place is so hit and miss.
Days as a Fulltime Mum,Local Guide,"Saturday, June 01, 2019 03:48:19",  29 reviews, 2 stars ,"Complaining bar staff about staffing levels in front of customers, very unprofessional. Could do with couch area for the coffee idea to free up tables for eating purposes. Food was mediocre at best, had better food in spoons gotta be honest I was disappointed, will be a while before I visit again. Sorry"
Robert H,Local Guide,"Thursday, July 01, 2021 01:55:04",  65 reviews, 3 stars ,Food was OK for spoons food service was very slow take forever to get our drinks which came after finished our food so we did not stay for anymore
Mary Bunney,Local Guide,"Monday, August 30, 2021 10:53:10",5 reviews, 5 stars ,Love popping in when in town for toast and coffee but where's the brown bread gone 🤔 great staff
Nick Goss,Local Guide,"Tuesday, November 30, 2021 06:20:19",  62 reviews, 3 stars ,Lovely premises. Bar staff lacking knowledge of their products.
Lynne Lucas,Local Guide,"Thursday, May 31, 2018 09:59:33",7 reviews, 2 stars ,Not as good as it was!!  Two of our party ordered sirloin steak but there were no steak knives. After failing to cut the steaks they had to wait for steak knives to become available.  Several of us were disappointed with the chips. No one …
Jessica Collins,Local Guide,"Saturday, June 01, 2019 03:48:19",3 reviews, 1 star ,Walked in to almost all the tables dirty with mess all over them and hardly anyone there to begin with. Absolutely awful food! Flies landing on my plate and on top of my food. Ordered on the app and my drinks didn’t come until well after our food! Not impressed at all weatherspoons aberdare has become awful!
Deborah Parker,Local Guide,"Saturday, October 30, 2021 07:51:16",29 reviews, 5 stars ,"Very nice breakfast, and the staff were lovely."
Lucy Williams,Local Guide,"Thursday, May 31, 2018 09:59:33",1 review, 1 star ,"Waited 15 minutes for someone to clear the table so that we could sit down, I had to ask in the end. Chips were undercooked when they arrived, jacket potato had only a tablespoon of beans on it and so was very dry. Nobody came back to ask …"
Kiko Exteberria,Local Guide,"Friday, May 27, 2022 09:14:37",29 reviews, 2 stars ,one person on the bar at lunchtime..ridiculous
Justine Thomas,Local Guide,"Saturday, June 01, 2019 03:48:19",4 reviews, 3 stars ,"Me and my partner like to eat here often, on a few occasions that we have visited, the tables have been dirty so we just bring our own antibacterial wipes to clean the table, food is lovely though will visit again soon with the dettol wipes lol"
Clifford Howells,Local Guide,"Monday, May 31, 2021 03:25:51",5 reviews, 5 stars ,Really felt safe at the inn. Staff were exceptional and although it was very quiet I felt that we were taken very well care of. Cannot fault this venue.
Jeannette,Local Guide,"Saturday, June 01, 2019 03:48:19",  31 reviews, 3 stars ,"Not very clean, we had to ask for tables to be cleaned before server put our plates on the table, this mean out good we not hot by the time i we came to eat it. Would not run a tab. Good ok, but very ordinary."
Janet Harris,Local Guide,"Saturday, June 01, 2019 03:48:19",24 reviews, 3 stars ,"First time visiting friends took me there for lunch food nice & hot staff friendly, however place grubby needs good cleaning carpets dirty carpets up the stairs needed good Hoover, sat in window looking up at ceiling huge long hanging cobwebs. Live out of area won't be going back"
John Harris,Local Guide,"Sunday, May 31, 2020 09:37:05",15 reviews, 1 star ,staff rude as hell food ordered wrong as she was more interested talking about having her hair dyed tomorrow when we asked about rest of order she said u didnt order it only if she was good at customer service instead of her hair she would …
Kharis Hayne,Local Guide,"Thursday, May 31, 2018 09:59:33",8 reviews, 3 stars ,Been here many times and it depends on the days you visit. Good for a cheap meal with friends but don't have high expectations for food or service. Sometimes it's out of this world. Other times it's extremely poor. No medium
Terry Walters,Local Guide,"Friday, May 31, 2013 04:55:43",3 reviews, 2 stars ,"An ok pub that is very reasonably priced as you would expect from a Wetherspoons.
Service can be slow at the bar at times and food isn't always of the greatest …"
Brian Davies,Local Guide,"Sunday, May 31, 2020 09:37:05",30 reviews, 5 stars ,Two Pizzas and Hot and Spicy Chicken Wings for 10:50 5* Value. Will have that again soon. Meat feast and Pepperoni were our choices. Same again for next time.
Jill Bright,Local Guide,"Thursday, December 30, 2021 04:49:22",6 reviews, 5 stars ,"Very nice place, friendly staff, nice food"
len bellamy,Local Guide,"Thursday, September 30, 2021 09:22:13",  93 reviews, 5 stars ,"Excellent food and service, really good prices"
Mervyn Roberts,Local Guide,"Thursday, July 01, 2021 01:55:04",10 reviews, 2 stars ,Very poor waited 35 mins for drink only to then be told cooler had broken down and only some bottled beers available.
Clare Davies,Local Guide,"Monday, May 31, 2021 03:25:51",  24 reviews, 5 stars ,"Not been in a while and it was a very calming experience, staff were greeting you at door asking too fill in track and trace, was taken too a clean and sanitised table, ordered everything on app, meal was nice and toilets were clean with antibac available"
Andrew Wicks,Local Guide,"Monday, May 31, 2021 03:25:51",51 reviews, 4 stars ,"Nice, roomy, spoons, again excellent value for money, just popped in for coffee, under £2 for two unlimited coffee's absolute bargain."
Eddie Edgar,Local Guide,"Thursday, May 31, 2018 09:59:33",  91 reviews, 3 stars ,"Good selection of beers and wines.  Unfortunately the atmosphere isn't great, probably due to the size of the place.  The bar staff aren't very friendly either and the pints never have a head."
C “Maltesers” Ann,Local Guide,"Thursday, May 31, 2018 09:59:33",  49 reviews, 1 star ,"Not like it once was at all. Where's the staff too used to. Dirty tables only available to sit on, cultrey does anyone know how to wash these days. Staff could do with proper jd spoons training toom"
Elaine Martin,Local Guide,"Saturday, June 01, 2019 03:48:19",1 review, 2 stars ,The staff here are great but the same cannot be said about the furniture.  I am ashamed to take friends from outside Aberdare to this particular  Wetherspoons.  Some of the chairs are so badly soiled that people  will not sit on them. We go …
Betty Crash,Local Guide,"Monday, May 31, 2021 03:25:51",16 reviews, 4 stars ,More tables for up to 6 people would be nice. But was a great night
Joann Platts,Local Guide,"Thursday, May 31, 2018 09:59:33",6 reviews, 5 stars ,"Lovely & cozy. They do a amazing breakfast deal as well as their normal menu, some of the staff can be a bit off and unhelpful, but on the whole I have to give a 5 as use the place regularly."
John,Local Guide,"Monday, August 30, 2021 10:53:10",  146 reviews, 3 stars ,"Clean but slow on service, couple of staff were quite ignorant did not bother going back."
steve chandler,Local Guide,"Wednesday, May 31, 2017 04:10:47",5 reviews, 4 stars ,I think the food is good. We just had a lovely lamb shank and waiting for pancakes now.  Only thing I don't like is you have to wait too long at the bar for service
Huw Richards (D4RCE),Local Guide,"Sunday, May 31, 2020 09:37:05",  208 reviews, 5 stars ,Had a great breakfast for a good price. Service was also very quick too👌 only waited 5mins for my food.
Valerie Williams,Local Guide,"Monday, May 31, 2021 03:25:51",1 review, 1 star ,Waited over 30 min  2 people came back and fore to ask what we wanted a few times until in the end I asked for my money back and left
Lynn Rees,Local Guide,"Saturday, July 31, 2021 12:24:07",  193 reviews, 5 stars ,Good food table service because covid great happy staff
Anthony Puxty,Local Guide,"Thursday, May 31, 2018 09:59:33",94 reviews, 5 stars ,"I am certain Wetherspoons management are very confident in the companies status in the food-pub market. My wife and I dine at a Wetherspoons pub about 4 times a year, and our pleasure today at Yr Ieaun Ap Iago, Aberdare, has been well up to …"
gerald williams,Local Guide,"Thursday, September 30, 2021 09:22:13",  247 reviews, 5 stars ,Enjoy  the breakfast good  value  friendly  staff and helpful
Ochako Uraraka,Local Guide,"Monday, May 31, 2021 03:25:51",  82 reviews, 5 stars ,It was amazing the food was so good I recommend you come here soon
Andrew Jones,Local Guide,"Saturday, June 01, 2019 03:48:19",  65 reviews, 4 stars ,Favourite place for weekend breakfast or mid-week evening meal. Great value.  Would be five stars if tables cleared and wiped over more frequently
john murray,Local Guide,"Sunday, May 31, 2020 09:37:05",  370 reviews, 2 stars ,One of my favourite local JDs. Always does a good breakfast friendly staff nice local. Was my last review but the last 3 time we have had  breakfast it has been cold
Jon Underwood,Local Guide,"Saturday, June 01, 2019 03:48:19",  159 reviews, 3 stars ,I'd forgotten the sights to be seen when going in for an early breakfast in the valleys. Typical Wetherspoons. Decent pub grub at Decent prices - actually a very good breakfast for the money.
Game Log,Local Guide,"Sunday, May 31, 2020 09:37:05",6 reviews, 4 stars ,"A great place to eat, whether to dine from its supprisingly diverse menu considering its location or to just a drink and a snack, with its small kids play area its a definetly visit worthy resturant"
K R,Local Guide,"Saturday, June 01, 2019 03:48:19",36 reviews, 3 stars ,"Friendly staff, toilets and general confition of decor upstairs ie cleanliness not great. I wouldn't return as a preference and I wouldn't want to eat there. Refurb time!!!!"
Mark Hallett,Local Guide,"Monday, August 30, 2021 10:53:10",55 reviews, 5 stars ,Nice wetherspoons food
Nina Camplin,Local Guide,"Sunday, May 31, 2020 09:37:05",  129 reviews, 3 stars ,"It's a wetherspoons, pretty much the same as any other one. Good quality food for low prices."
Steve Cahill,Local Guide,"Saturday, July 31, 2021 12:24:07",3 reviews, 5 stars ,Very good app service
Bart Codger,Local Guide,"Saturday, June 01, 2019 03:48:19",8 reviews, 2 stars ,Ordered 2 meals on Friday evening 01/03/19  only to find they were presented to us with items missing off the plate. No offer of substitutes or discount - cook had sent them from the kitchen knowing that they were short. When I queried the …
Kevin Garland,Local Guide,"Sunday, May 31, 2020 09:37:05",  397 reviews, 5 stars ,"Really like this pub. Good food at great prices.
Cheap drinks too"
Jennifer Thomas,Local Guide,"Sunday, May 31, 2020 09:37:05",25 reviews, 4 stars ,All ways busy and plenty of atmosphere great place to meet up with friends and family x
Alayne Davies,Local Guide,"Saturday, June 01, 2019 03:48:19",4 reviews, 3 stars ,Ordered food on the app which arrived really quick. The only thing we can comment on is there's nowhere to request how you like your steak cooked.
Jacob Rowburrey,Local Guide,"Sunday, May 31, 2020 09:37:05",7 reviews, 2 stars ,My first burger was burnt so I sent it back and it came back red raw and I now have food poisoning but they refunded the meal which I don't think made up for it.
Jeremy Stone,Local Guide,"Sunday, May 31, 2020 09:37:05",8 reviews, 2 stars ,"Nice Day, go outside to the ‘Beer Garden’, Sit in the Non-Smoking Area as I’m a Non-Smoker, there’s 11 tables for Non-Smokers and low’n’Behold All tables being used by Smokers …"
Tracey Whorlow,Local Guide,"Saturday, June 01, 2019 03:48:19",10 reviews, 3 stars ,Fast food for adults. Under cooked onion rings . Place not very clean. No puzzle pages left to amuse the kids 4pm bank holiday monday
Paula Jayne Phillips,Local Guide,"Wednesday, May 31, 2017 04:10:47",31 reviews, 5 stars ,"As with all the chain, always good food of a reasonable price, great choice of ales and invariably historic buildings reused in a sympathetic way. Always feel at ease in a Spoons."
Andrew Price,Local Guide,"Thursday, May 31, 2018 09:59:33",  31 reviews, 4 stars ,"Stopped by for a quick cooked breakfast and found the food to be delicious and the atmosphere peaceful.  This was in the morning, mind you.  I have no idea what it gets like there later in the evening!"
Caroline Morgan,Local Guide,"Saturday, June 01, 2019 03:48:19",107 reviews, 4 stars ,"Nice  place, why  do  they  always have  the  rest  rooms upstairs, seems a hike  , by  the  time  you  get  back  to  your table you  need  to  go  again,  but  food  was  good and staff  friendly enough 😆"
Daniel Morgan,Local Guide,"Thursday, May 31, 2018 09:59:33",  30 reviews, 5 stars ,"Always enjoy having breakfast here with friends most Wednesdays. Food is always great, nice atmosphere. I will be coming back ... probably on Wednesday."
Mark rowe,Local Guide,"Sunday, May 31, 2020 09:37:05",  78 reviews, 5 stars ,"Discusting service by older male member of staff, treated with absolute contempt. Table's in untouched by staff, stinking dirty and violent smell of urine throughout established"
Margaret Davies,Local Guide,"Saturday, July 31, 2021 12:24:07",34 reviews, 4 stars ,Service a little slow but staff have so much extra to do because of corvid rules.
Helen Hughes,Local Guide,"Saturday, June 01, 2019 03:48:19",5 reviews, 5 stars ,Food was very nice and taste.  Staff was friendly and helpful.  Had a lovely evening would highly recommend it.
Tracey Owen,Local Guide,"Saturday, June 01, 2019 03:48:19",1 review, 5 stars ,Very clean and good price the man that did my daughter's piercing was very nice and answered any question she had would definitely recommend.
Ashley Thomas,Local Guide,"Saturday, June 01, 2019 03:48:19",7 reviews, 2 stars ,Me and my girlfriend stoped off here for some food after a spot of Christmas shopping order 2 large mix grill was was lovley couldent fault it only bad side of the experience was alot of flys in the restraunt area wich was abit off putting when your hitting them away all the time
Clint “LITTLE CLINTI” Jones,Local Guide,"Saturday, June 01, 2019 03:48:19",  24 reviews, 5 stars ,Place very clean and very easy parking help full nice food and good service.. Thanks again i will be seeing you next week for my other meal..
Neil Ford,Local Guide,"Tuesday, May 03, 2022 09:14:37",  27 reviews, 5 stars ,Amazing staff really polite
Claire Vivash,Local Guide,"Saturday, June 01, 2019 03:48:19",  24 reviews, 4 stars ,"Fast service, chips weren't that warm but it was good value. Not the cleanest Wetherspoon's I've been in but the staff were all friendly enough."
Anthony Jones,Local Guide,"Saturday, June 01, 2019 03:48:19",26 reviews, 1 star ,Just had food here awful. Wait over an hour. The arrived food was cold. Awful experience. 2 people behind bar. Service terrible. Never again
Luna Lov,Local Guide,"Thursday, May 31, 2018 09:59:33",  7 reviews, 3 stars ,Friendly staff. Good food. Lots of space & tables as well as private cove seating areas & 2 large beer Gardens
Mandy Bradwick,Local Guide,"Sunday, May 31, 2020 09:37:05",2 reviews, 1 star ,"Terrible.  Went In and every vacant table was full of dirty dishes , drinks tipped so they were soaking wet, asked a waitress if one table was vacant as it was still full of plates with food on and she was very stressed and said she had no idea . Wont rush back"
Mark Jones,Local Guide,"Saturday, June 01, 2019 03:48:19",3 reviews, 5 stars ,"Outstanding service with all the table staff,aswell as the bar staff,and the food is marvellous for the price,I recommend this place to all..enjoy your visit.."
Calvin Jenkins,Local Guide,"Saturday, June 01, 2019 03:48:19",1 review, 2 stars ,Heating has not been working for at least the last two to three weeks very uncomfortable for customers and staff have to sit with coats on not really what u want to have to do when u go for a hot meal and coffee not at all comfortable
TheAndrew705,Local Guide,"Sunday, May 31, 2020 09:37:05",6 reviews, 5 stars ,"Great to meet up with friends I haven't seen for over 20 years. Warm friendly atmosphere with cheerful, efficient staff"
Martin Hooper,Local Guide,"Monday, August 30, 2021 10:53:10",25 reviews, 4 stars ,Pizza was nice. Online ordering system worked well
Menna Vaughan,Local Guide,"Thursday, May 31, 2018 09:59:33",1 review, 2 stars ,"Food good, however don't even try to go the bar between 13.30/15.00 as only 2 serving long wait to be served."
Samantha Lewis,Local Guide,"Thursday, May 31, 2018 09:59:33",  54 reviews, 2 stars ,Usually have nothing bad to say about spoons but was totally let down on day of fundraising  for charity. They wont allow any form of fundraising which every other place we went to were more than happy to help and take part
Julie Lewis,Local Guide,"Saturday, June 01, 2019 03:48:19",6 reviews, 3 stars ,"Very often run out of stuff example went there today they had  no ice, I mean come on, last time I went there couldn't have the cocktail I wanted because they had no archers, all the cocktail contain arches except three, some of the staff are pleasant e.g Andrew and Becky."
Liz Oatley,Local Guide,"Sunday, May 31, 2020 09:37:05",  27 reviews, 3 stars ,Food disappointing. Didn't warn us when we ordered kids meals that the kids had to leave in 30min so had to rush meal with doorman constantly pushing us to go
Thomas Door,Local Guide,"Saturday, June 01, 2019 03:48:19",6 reviews, 4 stars ,"We had only a rum and coke. So what it is, I would give a 4 and a half, but err.. well.. it only does full numbers doesn't it. All the best Ieuan Ap Wetherspoons x"
Nigel Millington,Local Guide,"Sunday, May 31, 2020 09:37:05",24 reviews, 4 stars ,Food was OK but a bit full larger came after we ate the food but had to send it back but outher than that it was ok
Rachel S,Local Guide,"Saturday, June 01, 2019 03:48:19",  50 reviews, 5 stars ,Lovely big wetherspoons. Love the free refills on the tea and coffee; beats Costa hands down for value for money!
Lori Driva,Local Guide,"Saturday, June 01, 2019 03:48:19",3 reviews, 1 star ,"Was served by a very aggresive man, didnt quite catch his name but was a large gentleman with spectacles in his young twenties maybe?  NOT HAPPY. This is my best representation of the young man. DISGUSTED DOESNT COME CLOSE TO HOW I FEEL"
Dale Freeman,Local Guide,"Saturday, June 01, 2019 03:48:19",  54 reviews, 5 stars ,"Good service and prices, they offer table service via the smart phone app, great idea. Lots of space and good atmosphere"
Susan Alder,Local Guide,"Wednesday, May 31, 2017 04:10:47",  14 reviews, 5 stars ,"Good food and friendly staff, and we go quite often."
Andrew Millard,Local Guide,"Sunday, May 31, 2020 09:37:05",  43 reviews, 3 stars ,Spoons what can I say food is ok but love the seasonal ales they do and the price you can't find fault with 👍
Sharon Lake,Local Guide,"Sunday, May 31, 2020 09:37:05",  3 reviews, 1 star ,Terrible food. Cant believe i eat here again after a awful meal back a few months ago. Never again!!!
Melanie Jones,Local Guide,"Thursday, December 30, 2021 04:49:22",  58 reviews, 1 star ,No track n trace was really full !!!
Dai Tombs,Local Guide,"Monday, May 31, 2021 03:25:51",10 reviews, 4 stars ,"Nice pint, well socially distanced.....breakfast was good except for the lack of choice in bread 8/10"
Tony Birkby,Local Guide,"Saturday, June 01, 2019 03:48:19",  125 reviews, 4 stars ,Nice bar typically. Wetherspoons very crowded at weekends but food standards and services excellent staff very friendly and helpful
Allyson Trist,Local Guide,"Thursday, July 01, 2021 01:55:04",  81 reviews, 1 star ,Worst spoons I've been too.. Very slow service rude management.
Les Spaine,Local Guide,"Friday, April 01, 2022 12:16:31",  736 reviews, 4 stars ,Quick table service.
Gerry Jones,Local Guide,"Thursday, May 31, 2018 09:59:33",  59 reviews, 5 stars ,Food is always nice. Friendly staff great prices
Jack Lewis,Local Guide,"Sunday, May 31, 2020 09:37:05",22 reviews, 4 stars ,"Food was prepared quickly, very delicious. Only problem was the fish as it was a bit 'de-formed'"
Rob Drinkwater,Local Guide,"Saturday, June 01, 2019 03:48:19",  49 reviews, 5 stars ,This is a good Wetherspoons. Foods always good and as ever in these places the prices are keen. Been here a few times and it's always good.
Danielle Davies,Local Guide,"Monday, August 30, 2021 10:53:10",  16 reviews, 4 stars ,"Great service, nice food, nice atmosphere"
Edwyna Rogers,Local Guide,"Monday, May 31, 2021 03:25:51",8 reviews, 5 stars ,It was great good food good service and hygien well done
Carol Davies,Local Guide,"Thursday, May 31, 2018 09:59:33",1 review, 5 stars ,Always enjoy my time spent with friends here.Plentyou of choices on their food menu at reasonable prices.
Gavin Bryan Williams,Local Guide,"Thursday, May 31, 2018 09:59:33",  15 reviews, 5 stars ,"Great place to meet drink and chat... great beer at decent prices. Now has an app so you dont even have to que at the bar, bonus!"
Marika de Vet,Local Guide,"Sunday, May 31, 2020 09:37:05",  51 reviews, 3 stars ,"Usual Wetherspoons pub, lacks atmosphere and music. OK to take kids for a meal, food is OK."
Janita Lewis,Local Guide,"Monday, May 31, 2021 03:25:51",4 reviews, 5 stars ,"Felt very safe , staff friendly and efficient . Food good ."
Richard Bevan,Local Guide,"Sunday, May 31, 2020 09:37:05",  47 reviews, 4 stars ,Nice place for meal and drink. Reasonable prices. Good foos
Rob Drinkwater,Local Guide,"Saturday, June 01, 2019 03:48:19",  41 reviews, 5 stars ,"Eaten here many times, always good service & food, even when they're busy."
Karen Briggs,Local Guide,"Saturday, June 01, 2019 03:48:19",1 review, 1 star ,Food was the worst of all Wetherspoons I’ve ate and drank in bar staff not very interested or friendly down visiting my mother from Scotland won’t rush back the next time I’m down..no one came near us so I could complain
WHIZZER,Local Guide,"Thursday, May 31, 2018 09:59:33",  338 reviews, 1 star ,"Yet again only one person serving for atleast 80 people
Scruffy staff
Beer choice awful and luke warm …"
Lisa Jones-Ward,Local Guide,"Thursday, May 31, 2018 09:59:33",  13 reviews, 5 stars ,"Nice place, well run and good service. A bit of a potch to get to the toilets but not enough to complain about."
Money Weah,Local Guide,"Sunday, May 31, 2020 09:37:05",  75 reviews, 5 stars ,Really nice food and super quick service will do come here again
Stephen Jones,Local Guide,"Thursday, May 31, 2018 09:59:33",8 reviews, 4 stars ,Good food and drinks for the price. Friendly staff. Great if your with friends or family.
Peter Humphreys,Local Guide,"Saturday, October 30, 2021 07:51:16",  23 reviews, 4 stars ,Lovely breakfast reasonable prices.
Joseph Richards,Local Guide,"Saturday, June 01, 2019 03:48:19",8 reviews, 3 stars ,Food good staff brill weather spoons app is carp. Wrong drinks food missing manager sed app has a glitch
Paul Kassell,Local Guide,"Sunday, May 31, 2020 09:37:05",110 reviews, 5 stars ,Great Wetherspoon's food. Buzzing with people. Great food and insightful comment from Tim Martin on Brexit in the glossy mag!
Douglas James,Local Guide,"Thursday, May 31, 2018 09:59:33",18 reviews, 5 stars ,"Great atmosphere good coffee, but sservice can be slow due to not enough staff"
Karen Bennett,Local Guide,"Monday, May 31, 2021 03:25:51",4 reviews, 5 stars ,Great staff and amazing service especially in this current situation. Love the place.
mark evans,Local Guide,"Sunday, May 31, 2020 09:37:05",  46 reviews, 3 stars ,"Long wait for food, tables arranged in awkward fashion. Not a nice atmosphere"
Sam Pillage,Local Guide,"Saturday, June 01, 2019 03:48:19",1 review, 1 star ,Took my family to yrieun in aberdare the service was slow the lady who fetched our food was rude my daugter burnt her fingers on the plate sadly disapointed
steve rosser,Local Guide,"Thursday, May 31, 2018 09:59:33",1 review, 5 stars ,Brilliant as usual go here once a month. For a meal great service can't complain
Kieron Barter,Local Guide,"Thursday, May 31, 2018 09:59:33",4 reviews, 3 stars ,"Service was good, some of the staff not very talkative and attentive to the customers, food was lovely"
John Smith,Local Guide,"Saturday, June 01, 2019 03:48:19",66 reviews, 5 stars ,Just the usual good food & service I normally get at Wetherspoons.
Idris Hamer,Local Guide,"Sunday, May 31, 2020 09:37:05",99 reviews, 4 stars ,"Not the best  fish,?chips.but great beer"
Gareth Oates,Local Guide,"Saturday, June 01, 2019 03:48:19",5 reviews, 2 stars ,food and staff good. BUT really tired looking chairs and decor hanging. could do with a good makeover
Ryan Davies,Local Guide,"Monday, May 31, 2021 03:25:51",  10 reviews, 5 stars ,"Low prices
Good food
Great all round"
Christopher Barton,Local Guide,"Saturday, June 01, 2019 03:48:19",  47 reviews, 4 stars ,Great food and friendly staff not so child friendly as you have to enter with a pram from the back of the building
Alan James,Local Guide,"Saturday, June 01, 2019 03:48:19",1 review, 4 stars ,Typical Witherspoon good value food and drink.  Pleasant atmosphere and friendly staff.
Fiona Stevens,Local Guide,"Sunday, May 31, 2020 09:37:05",  47 reviews, 2 stars ,Quirky but not in a good way. Rude staff serving on day I visited. Would not recommend.
Gareth Evans,Local Guide,"Thursday, May 31, 2018 09:59:33",  37 reviews, 1 star ,"Went there this morning, very busy, when we got a table nobody came round to clear it, ordered food which took ages to arrive and when it finally arrived it was disgusting."
Bethan Irons,Local Guide,"Saturday, June 01, 2019 03:48:19",  13 reviews, 3 stars ,Cheap food and drinks. Good quality for price. Disabled parking around back.
Michael Salt,Local Guide,"Thursday, May 31, 2018 09:59:33",66 reviews, 3 stars ,Quite good usual JD problems takes ages to get served because of food orders tables don't get cleared but that's JD Witherspoons sad but true.
Cristina Shuker,Local Guide,"Thursday, May 31, 2018 09:59:33",  40 reviews, 3 stars ,"I used to say this place is good, cheap food, cheap beer and quick service but after 1 rude members of staff it's gone down hill in my books"
David Williams,Local Guide,"Saturday, June 01, 2019 03:48:19",61 reviews, 4 stars ,Went to spoons for a breakfast and coffee was worth it. I like the aberdare one ... Very roomy and nice
Terasa Dower,Local Guide,"Sunday, May 31, 2020 09:37:05",  33 reviews, 5 stars ,"Excellent staff, I love the way you can have as many refills of coffee,"
h lewis,Local Guide,"Tuesday, May 10, 2022 09:14:37",  203 reviews, 5 stars ,Great staff as always standard spoons fayre
Melvyn Wilcox,Local Guide,"Sunday, May 31, 2020 09:37:05",  59 reviews, 5 stars ,Very busy pub serving food a d drink at reasonable prices
Trevor Probert,Local Guide,"Thursday, May 31, 2018 09:59:33",4 reviews, 1 star ,"Went for breakfast, only 1 person behind the bar, ""cooked"" breakfast seemed as if it was reheated. Won't go there again for breakfast"
Robert Lapsins,Local Guide,"Sunday, May 31, 2020 09:37:05",18 reviews, 4 stars ,An unplanned breakfast but prompt service and good food as always 😁.
julie parker,Local Guide,"Thursday, December 30, 2021 04:49:22",5 reviews, 5 stars ,My favourite pub 😍
Kristiaan Bennett,Local Guide,"Thursday, May 31, 2018 09:59:33",  90 reviews, 3 stars ,"Standard weatherspoons pub, decor is getting tired and the tables and chairs are well past needing to be replaced"
Daphne Ransom,Local Guide,"Saturday, June 01, 2019 03:48:19",38 reviews, 5 stars ,Always a great meal. Nice clean pub too!
Taff,Local Guide,"Thursday, May 31, 2018 09:59:33",  109 reviews, 4 stars ,"Nice place, good food and you can order by text. Gets very busy"
skyliners big band,Local Guide,"Thursday, May 31, 2018 09:59:33",  34 reviews, 1 star ,"Very brief visit, went for full breakfast, apparently no fried or grilled food available. So what part of full breakfast was left. So we left!"
Maureen Morris,Local Guide,"Saturday, June 01, 2019 03:48:19",6 reviews, 1 star ,"Had chips and chicken burger, chips were scrappy  plus chicken was nearly cold which is typical of a wetherspoons pub"
Mark Llewellyn,Local Guide,"Sunday, May 31, 2020 09:37:05",  9 reviews, 3 stars ,"Food was decent, but wasps plague diners due to the open back doors and a nest in the local vicinity. Get someone to fix it!"
Sonia Alazzani,Local Guide,"Friday, April 01, 2022 12:16:31",9 reviews, 5 stars ,Staff are realy helpful
Phil Allen,Local Guide,"Saturday, July 31, 2021 12:24:07",  162 reviews, 5 stars ,Clean nice food grate staff
Nicola Jones,Local Guide,"Saturday, October 30, 2021 07:51:16",10 reviews, 5 stars ,Support lady to wetherspoons. Staff friendly.
Angharad Lee,Local Guide,"Monday, May 31, 2021 03:25:51",  29 reviews, 5 stars ,Fab experience. Loved every minute catching up with one of my school friends xxxx
John Butlin,Local Guide,"Thursday, May 31, 2018 09:59:33",  56 reviews, 4 stars ,It's always like being at home when you come across a Wetherspoons in a strange new town. Enjoyed my visits over the month
Annette Jones,Local Guide,"Saturday, June 01, 2019 03:48:19",6 reviews, 5 stars ,lovely meal as always service was great and very prompt.  love it
Andrew Chainey,Local Guide,"Saturday, June 01, 2019 03:48:19",8 reviews, 1 star ,"Witnessed drug dealing on more than one occasion.
Too many menus on the table - not enough room for the food."
Trish Morris,Local Guide,"Thursday, May 31, 2018 09:59:33",2 reviews, 4 stars ,Lovely food. Always hot and tasty. Enjoyed some guinness.
Neil Isaac,Local Guide,"Sunday, May 31, 2020 09:37:05",  47 reviews, 5 stars ,"Good atmosphere, great place for a meal and a pint."
Rachel Phillips,Local Guide,"Saturday, June 01, 2019 03:48:19",  21 reviews, 5 stars ,"Some miserable staff here, I mean I know you're only bringing plates to a table but would it hurt to crack a smile"
70s revisited,Local Guide,"Thursday, May 31, 2018 09:59:33",4 reviews, 1 star ,We had to sit at a table that was not cleared the air conditioning was not on or not working there were basic shortages such as tomatoes and mushrooms and no ham all in all I would not recommend this Witherspoon
Daisy Hàvard,Local Guide,"Thursday, May 31, 2018 09:59:33",19 reviews, 5 stars ,Good food at very reasonable prices. Excellent service.
Rachel Davies,Local Guide,"Monday, May 31, 2021 03:25:51",3 reviews, 3 stars ,It was ok not enough table service tho
Mason Brindley,Local Guide,"Thursday, May 31, 2018 09:59:33",11 reviews, 4 stars ,As you would expect any spoons good friendly staff and reliably quick and cheap grub
Kathryn Pitt,Local Guide,"Sunday, May 31, 2020 09:37:05",15 reviews, 1 star ,Ran out of steak on a steak night. And Tim Martin thinks Brexit will be a breeze?
jim tomlin,Local Guide,"Monday, May 31, 2021 03:25:51",  95 reviews, 3 stars ,Staff very friendly  some of the tables in wrong  place as the table  and chairs rock
David Ellis,Local Guide,"Thursday, May 31, 2018 09:59:33",  88 reviews, 4 stars ,Very good value for money for pub grub always friendly helpful staff
Gareth Roberts,Local Guide,"Saturday, June 01, 2019 03:48:19",3 reviews, 1 star ,Dirty carpet waiting ages to be served could do with good deep clean and good refurb
Mike Phillips,Local Guide,"Sunday, May 31, 2020 09:37:05",33 reviews, 1 star ,"Need I say anything. OK I will. You could be the only one at the bar, staff will walk past you about 4 times. So frustrating."
Daniel Edmonds,Local Guide,"Saturday, June 01, 2019 03:48:19",  152 reviews, 4 stars ,"The heart and soul of Aberdare... Sometimes a bit too soulful, but the service is great and it's a great spacious venue for socialising."
christopher Baker,Local Guide,"Sunday, May 31, 2020 09:37:05",  61 reviews, 4 stars ,Quite a good place to eat.plenty of room for everyone
Sarah Pavett,Local Guide,"Saturday, June 01, 2019 03:48:19",  70 reviews, 5 stars ,Cheap and fast service. Nice meal suitable for children
Lee Preece,Local Guide,"Thursday, May 31, 2018 09:59:33",13 reviews, 5 stars ,"Best Wetherspoons I have ever been for food , staff are also very helpful"
Marie Dixon,Local Guide,"Thursday, May 31, 2018 09:59:33",  65 reviews, 4 stars ,Ok for a catch up meeting place . Good food resonably priced
Gareth Hooper,Local Guide,"Thursday, May 31, 2018 09:59:33",  51 reviews, 3 stars ,"Same as all other wetherspoons
Decent food good price. Was very dark inside"
Alan Veitch,Local Guide,"Saturday, June 01, 2019 03:48:19",41 reviews, 3 stars ,Very good but squeaky floors .you could hear everyone walking past in the corridors.dirty towels.
Sian Brock,Local Guide,"Thursday, May 31, 2018 09:59:33",  10 reviews, 3 stars ,Its ok as far as a Wetherspoons go.  Only down side is that its either hit or miss for the food.
Gary Greensmith,Local Guide,"Sunday, May 31, 2020 09:37:05",  78 reviews, 3 stars ,Lunchtime crowd and only one person serving behind the bar taking food and drink orders.
Marie Townsend,Local Guide,"Thursday, May 31, 2018 09:59:33",5 reviews, 5 stars ,Used the app to order meal and drinks. Quick service and excellent food
ELIZA S. Griffiths,Local Guide,"Tuesday, March 01, 2022 01:47:28",  90 reviews, 5 stars ,"Yes second kitchen, 5 minutes from the house."
Emily Thomas,Local Guide,"Thursday, May 31, 2018 09:59:33",6 reviews, 5 stars ,Very good pub! Nice place to eat (super nice chips ! )
BARRIE SQUIRES,Local Guide,"Monday, May 31, 2021 03:25:51",26 reviews, 3 stars ,Had my First Drink This Year In A Beer garden
shaun macfarlane,Local Guide,"Sunday, May 31, 2020 09:37:05",  7 reviews, 5 stars ,Great staff lovely location very reasonable prices really enjoyed our visit
Sian Davies,Local Guide,"Monday, May 31, 2021 03:25:51",  57 reviews, 4 stars ,"Covid friendly, great choice of menu still."
Doug Williams,Local Guide,"Saturday, June 01, 2019 03:48:19",  19 reviews, 3 stars ,"Cheap drinks,OK for a quick lunch - the place needs updating."
Steve Jones,Local Guide,"Tuesday, May 03, 2022 09:14:37",  319 reviews, 5 stars ,Always good food and service
Shelley Inman,Local Guide,"Saturday, June 01, 2019 03:48:19",  43 reviews, 1 star ,Awful tables not cleared one person serving and it was very busy. Left went somewhere else.
Roy Lloyd,Local Guide,"Thursday, July 01, 2021 01:55:04",13 reviews, 3 stars ,too long waiting for drinks after ordering on the app
Richard Jones,Local Guide,"Wednesday, May 31, 2017 04:10:47",  12 reviews, 3 stars ,Excellent staff and good beer. Sadly wheelchair access is difficult
Aaron Steverson,Local Guide,"Sunday, May 31, 2020 09:37:05",4 reviews, 5 stars ,"The small ginger waitress was beautiful, and very helpful 😏"
Annette Bowen,Local Guide,"Thursday, May 31, 2018 09:59:33",1 review, 5 stars ,"Excellent service, good food, lovely clean venue."
John Holleran,Local Guide,"Wednesday, May 31, 2017 04:10:47",  35 reviews, 5 stars ,Just had a very good breakfast and cappuccino. Can't fault the quality or the price.
David Martin Luke,Local Guide,"Thursday, May 31, 2018 09:59:33",  10 reviews, 3 stars ,Not to good service waiting way to long to get served. Could do with more staff at bar
Christophef Powell,Local Guide,"Thursday, May 31, 2018 09:59:33",13 reviews, 2 stars ,Very slow on  the (w) ordering app say on average  15.mins  excuse short staff  otherwise ok
Gaynor Evans,Local Guide,"Saturday, June 01, 2019 03:48:19",  37 reviews, 4 stars ,A nice place for food. But could do with being a bit cleaner
Paul Richards,Local Guide,"Wednesday, May 31, 2017 04:10:47",  46 reviews, 5 stars ,"Always good food, good value and you get a free pint"
Billie Desire,Local Guide,"Saturday, June 01, 2019 03:48:19",  20 reviews, 1 star ,"The person who I talked about my chicken wings banned me for life, all i said was my chicken wings was not spicy and he banned me I have complete videos on my new phone"
Joanne McCord,Local Guide,"Saturday, June 01, 2019 03:48:19",  20 reviews, 4 stars ,It's whether spoons been to one been to them all. Portions of food is smaller then the one in Lincoln and far smaller then the ones in Whitby
Annmari Morgan,Local Guide,"Saturday, June 01, 2019 03:48:19",  37 reviews, 4 stars ,"Nice food ,good atmosphere here and outside area"
Sean Comerford,Local Guide,"Sunday, May 31, 2020 09:37:05",47 reviews, 4 stars ,Nice food and service was good too.
Terry Bytheway,Local Guide,"Saturday, June 01, 2019 03:48:19",18 reviews, 4 stars ,"Good place for a meal , to meet up with friends have a drink"
jade jones,Local Guide,"Saturday, June 01, 2019 03:48:19",  46 reviews, 5 stars ,Love this pub always have food and drinks here
Samantha Leggett,Local Guide,"Thursday, May 31, 2018 09:59:33",3 reviews, 5 stars ,Good price for good food service time always fast.
ralph william Jones,Local Guide,"Thursday, May 31, 2018 09:59:33",8 reviews, 4 stars ,Good food responsible price & good choice of drinks
Christian Augustin,Local Guide,"Saturday, June 01, 2019 03:48:19",13 reviews, 5 stars ,Vegan friendly menu. Human friendly staff. Recommended!
Ellen Jones,Local Guide,"Thursday, May 31, 2018 09:59:33",5 reviews, 3 stars ,Nice food but don't do dinner any more
Kate Venning,Local Guide,"Monday, August 30, 2021 10:53:10",3 reviews, 4 stars ,"Really friendly ,nice ales"
Nik Barnes,Local Guide,"Thursday, May 31, 2018 09:59:33",  16 reviews, 3 stars ,Breakfast wasn't overly nice. Dinner is ok at best.
Mckenzie Evans,Local Guide,"Monday, May 31, 2021 03:25:51",  13 reviews, 5 stars ,Good and fabulous deals with eat out to help out.
Menna Vaughan,Local Guide,"Monday, May 31, 2021 03:25:51",22 reviews, 5 stars ,"Well thought out with the pandemic. Clean, social distancing in place."
Geoff Jones,Local Guide,"Sunday, May 31, 2020 09:37:05",1 review, 5 stars ,Good food. Reasonable prices
helen freeman,Local Guide,"Monday, May 31, 2021 03:25:51",2 reviews, 5 stars ,Fantastic  service bid clap for  our lucy on the door  patience  of a saint
David MacDonald,Local Guide,"Thursday, May 31, 2018 09:59:33",3 reviews, 4 stars ,Good food good selection of beers  at a reasonable price
brent morgan,Local Guide,"Saturday, June 01, 2019 03:48:19",  27 reviews, 4 stars ,"Always a good atmosphere,good food, value for money"
Sharon Kelly,Local Guide,"Thursday, May 31, 2018 09:59:33",  19 reviews, 3 stars ,"Its ok here. A bit tired looking now, could do with a bit more staff on a Sunday - they are rushed"
Sylvia Wilson,Local Guide,"Sunday, May 31, 2020 09:37:05",184 reviews, 5 stars ,Food glorious! Would be happy to go back anytime.
adrian williams,Local Guide,"Saturday, June 01, 2019 03:48:19",  16 reviews, 3 stars ,Good prices and selection of drinks.  In need of a refurb
emma gillespie,Local Guide,"Wednesday, May 31, 2017 04:10:47",1 review, 1 star ,"If you're going for food, be prepared for dirty cutlery even when you ask for a clean set."
Dai Pearson,Local Guide,"Sunday, May 31, 2020 09:37:05",  294 reviews, 5 stars ,Cosy Witherspoon's with pleasant staff and tasty beer.
Andrew Follows,Local Guide,"Sunday, May 31, 2020 09:37:05",  76 reviews, 4 stars ,"Cheap and cheerful, bar staff are friendly. Cheers."
Lesley Davies,Local Guide,"Thursday, May 31, 2018 09:59:33",1 review, 5 stars ,Lovely food  good sevice fantastic price
Kevin Broome,Local Guide,"Thursday, May 31, 2018 09:59:33",  21 reviews, 4 stars ,"Would have a 5 star, but didn't have entertainment or music"
Matthew Copeland,Local Guide,"Saturday, June 01, 2019 03:48:19",2 reviews, 5 stars ,Amazing place to visit Friendly staff and amazing quality of food
Chris Rogers,Local Guide,"Sunday, May 31, 2020 09:37:05",  53 reviews, 5 stars ,You can never beat a Wetherspoon for a great breakfast
Darren Booton,Local Guide,"Saturday, October 30, 2021 07:51:16",9 reviews, 5 stars ,Good service very welcoming !!!!
Ben Young,Local Guide,"Thursday, May 31, 2018 09:59:33",1 review, 1 star ,"Everyone is off their nut, like, I literally saw a guy  snort a 3.5g line of Charlie right off the table"
September's Child,Local Guide,"Sunday, May 31, 2020 09:37:05",  306 reviews, 5 stars ,Great choice of beers as always great prices....
Leanne Rose,Local Guide,"Thursday, May 31, 2018 09:59:33",7 reviews, 2 stars ,Food was ok . Place feels very old sticky and dirty
Liam Flaherty,Local Guide,"Saturday, June 01, 2019 03:48:19",  9 reviews, 4 stars ,Staff was slightly moody other than that great place
Pete Campbell,Local Guide,"Wednesday, May 31, 2017 04:10:47",  56 reviews, 5 stars ,GOOD food what more can I say 10/10
Graham Robertson,Local Guide,"Thursday, May 31, 2018 09:59:33",  24 reviews, 5 stars ,"Best Spoons about , always good food beer and service."
Jacqueline Lawrence,Local Guide,"Thursday, May 31, 2018 09:59:33",  130 reviews, 4 stars ,"Great place for working lunch, try the lamb cawl, reasonably priced"
Sandra Benney,Local Guide,"Thursday, May 31, 2018 09:59:33",  45 reviews, 3 stars ,A very lively place they do specials in evenings xx
David R,Local Guide,"Sunday, May 31, 2020 09:37:05",14 reviews, 5 stars ,Good food and generally good service
SJS,Local Guide,"Sunday, May 31, 2020 09:37:05",21 reviews, 4 stars ,"Typical Spoons, reasonably priced food and drinks"
dicast coast,Local Guide,"Saturday, June 01, 2019 03:48:19",9 reviews, 4 stars ,Service is not the best good food
emma jones,Local Guide,"Sunday, January 30, 2022 03:18:25",  17 reviews, 5 stars ,Lovely
Gilli Toms,Local Guide,"Sunday, May 31, 2020 09:37:05",  39 reviews, 5 stars ,Consistent . Good food . Good atmosphere
Aileen Yates,Local Guide,"Saturday, June 01, 2019 03:48:19",3 reviews, 5 stars ,Prices are unbeatable and food ok too.
Steven Durbin,Local Guide,"Thursday, May 31, 2018 09:59:33",  193 reviews, 4 stars ,"A fairly decent meal here, prices are reasonable"
Joanne Giddings,Local Guide,"Sunday, May 31, 2020 09:37:05",  14 reviews, 2 stars ,"They try there best, but lack of staff is an issue."
Graham Robertson,Local Guide,"Saturday, June 01, 2019 03:48:19",  133 reviews, 5 stars ,"Good range of real ales and lagers , food was great."
Tommy Vandor,Local Guide,"Saturday, June 01, 2019 03:48:19",4 reviews, 5 stars ,Probably best brekky in town
Clare Walters,Local Guide,"Tuesday, November 30, 2021 06:20:19",  8 reviews, 4 stars ,Quiet at time of visit
margaret Roberts,Local Guide,"Thursday, May 31, 2018 09:59:33",8 reviews, 5 stars ,"delicious meal ,well kept place,polite staff"
Steve Richard Morris,Local Guide,"Thursday, May 31, 2018 09:59:33",  3 reviews, 5 stars ,"Friendly staff, quick service.good atmosphere."
David Bayliss,Local Guide,"Saturday, June 01, 2019 03:48:19",  52 reviews, 4 stars ,A great place to go with friends for some real ale
David Probert,Local Guide,"Sunday, May 31, 2020 09:37:05",  152 reviews, 4 stars ,Good meeting place nice curry night.
Dave Roberts,Local Guide,"Sunday, May 31, 2020 09:37:05",59 reviews, 5 stars ,Very nice nice food frendly people
Sarah Griffiths,Local Guide,"Saturday, June 01, 2019 03:48:19",4 reviews, 3 stars ,Food is cold. And the app takes to long for food/drink to arrive
Jordan Brill,Local Guide,"Wednesday, May 31, 2017 04:10:47",  23 reviews, 5 stars ,"Great food, cheap drinks!"
david martin,Local Guide,"Saturday, June 01, 2019 03:48:19",  32 reviews, 5 stars ,"One of the best spoons I've been to, children welcome."
owen powell,Local Guide,"Saturday, June 01, 2019 03:48:19",  21 reviews, 5 stars ,"Good pub, good seating arrangements too"
Darran Fenton,Local Guide,"Saturday, June 01, 2019 03:48:19",4 reviews, 4 stars ,Fish and chips for three. All good but a little scare with the chips.
Robert Moulding,Local Guide,"Saturday, June 01, 2019 03:48:19",31 reviews, 5 stars ,"Wales Grand Slam, what an atmosphere, absolutely brilliant."
Louis H Evans,Local Guide,"Thursday, May 31, 2018 09:59:33",12 reviews, 4 stars ,Great place to chill have a chat and have food there :)
Bryce Lockyear,Local Guide,"Saturday, June 01, 2019 03:48:19",4 reviews, 5 stars ,Loved it the food was quick and stunning.😍
VG Bish,Local Guide,"Saturday, June 01, 2019 03:48:19",  20 reviews, 3 stars ,Decent prices but a hit or miss on whether the place is clean or not
john g,Local Guide,"Saturday, June 01, 2019 03:48:19",  137 reviews, 2 stars ,About the same as others. The food was poor felt like leftovers.
Alun Thomas,Local Guide,"Sunday, May 31, 2020 09:37:05",  53 reviews, 5 stars ,Food and service very good
Lisa Bangsund,Local Guide,"Thursday, May 31, 2018 09:59:33",  15 reviews, 3 stars ,Not enough staff on for a popular evening that's always highly advertised
CombatGerbil,Local Guide,"Sunday, May 31, 2020 09:37:05",5 reviews, 5 stars ,"Great service, great food."
Stephen Hunnisett,Local Guide,"Thursday, May 31, 2018 09:59:33",  116 reviews, 4 stars ,"A good wetherspoons. Clean, cheap and the food is good"
sean hourihane,Local Guide,"Saturday, June 01, 2019 03:48:19",  9 reviews, 3 stars ,"No complaints, cheap food and drink."
sian Williams,Local Guide,"Sunday, May 31, 2020 09:37:05",4 reviews, 1 star ,Breakfast was cold again  pancakes were hard and burnt
Kuroi Kitsune,Local Guide,"Thursday, May 31, 2018 09:59:33",  9 reviews, 5 stars ,The food and drinks are at fair prices
kairen west,Local Guide,"Saturday, June 01, 2019 03:48:19",  85 reviews, 5 stars ,A lovely meal and s few drinks with a friend
Jen Lewis,Local Guide,"Sunday, May 31, 2020 09:37:05",16 reviews, 4 stars ,Lovely food and atmosphere
Gerald Williams,Local Guide,"Thursday, May 31, 2018 09:59:33",  37 reviews, 5 stars ,Good food and good choice for the price
Ray “Taffy” Davies,Local Guide,"Saturday, June 01, 2019 03:48:19",  133 reviews, 5 stars ,Had a great meal and a great atmosphere
Robert Price,Local Guide,"Saturday, July 31, 2021 12:24:07",6 reviews, 5 stars ,Feel safe
JustDuff,Local Guide,"Sunday, May 31, 2020 09:37:05",  116 reviews, 3 stars ,Went for breakfast and was quite disappointed by the service and breakfast
Louise Roberts,Local Guide,"Saturday, June 01, 2019 03:48:19",  77 reviews, 5 stars ,Clean friendly and get full quite often
Apollonia Samaveld,Local Guide,"Thursday, May 31, 2018 09:59:33",  83 reviews, 4 stars ,"As usual food is good, service is good"
Ian Buckland,Local Guide,"Saturday, June 01, 2019 03:48:19",  41 reviews, 4 stars ,Really good spoons with Welsh side menu
Melanie Llewellyn,Local Guide,"Sunday, May 31, 2020 09:37:05",8 reviews, 5 stars ,Good food and atmosphere.
colin bedford,Local Guide,"Saturday, June 01, 2019 03:48:19",  64 reviews, 4 stars ,nice place kept clean for a spoons .
Craig Davies,Local Guide,"Saturday, June 01, 2019 03:48:19",  59 reviews, 3 stars ,Fit for purpose. Don't expect miracles and you won't be disappointed.
Paul Griffiths,Local Guide,"Monday, May 31, 2021 03:25:51",3 reviews, 5 stars ,Always frendly good food
Jim Bob,Local Guide,"Saturday, June 01, 2019 03:48:19",  34 reviews, 5 stars ,One off the best weatherspoons in south wales
howard turner,Local Guide,"Saturday, June 01, 2019 03:48:19",81 reviews, 1 star ,"C**p service, cold breakfast, dirty tables!!!"
Lee Gorden,Local Guide,"Monday, May 31, 2021 03:25:51",34 reviews, 1 star ,Hanging up the phone after picking up. Why.
Robert Williams,Local Guide,"Sunday, May 31, 2020 09:37:05",90 reviews, 3 stars ,Not nice food ours was cold
Kyle Jones,Local Guide,"Saturday, June 01, 2019 03:48:19",  9 reviews, 3 stars ,Great food fairly priced
Benjamin Meredith-Davies,Local Guide,"Wednesday, May 31, 2017 04:10:47",  104 reviews, 4 stars ,Plenty of seating with a smoking area and friendly staff
Penny j,Local Guide,"Saturday, June 01, 2019 03:48:19",8 reviews, 2 stars ,Dry pies preheated not worth the £7 paid
john stephens,Local Guide,"Saturday, June 01, 2019 03:48:19",49 reviews, 5 stars ,"Cheap & cheerful, good value and atmosphere"
John Llewellyn,Local Guide,"Saturday, June 01, 2019 03:48:19",28 reviews, 3 stars ,You either like or dislike this establishment. Not my choice!
Lance Gifford,Local Guide,"Sunday, May 31, 2020 09:37:05",  168 reviews, 5 stars ,Excellent food and service
Anthony Gafael,Local Guide,"Thursday, May 31, 2018 09:59:33",  19 reviews, 4 stars ,"Cheap, cheerful and fun. Good prices."
david powell,Local Guide,"Sunday, May 31, 2020 09:37:05",  39 reviews, 5 stars ,Good pint great atmosphere
Simon Paul Morgan,Local Guide,"Tuesday, March 01, 2022 01:47:28",  30 reviews, 3 stars ,Going downhill. Starting to look tired. Selection of beer gone downhill.
Mark Adams,Local Guide,"Thursday, May 31, 2018 09:59:33",  229 reviews, 3 stars ,"Cheap beer! Cheap good, no frills."
ATV BikesLTD,Local Guide,"Saturday, June 01, 2019 03:48:19",  5 reviews, 5 stars ,Nice food good price
Aaron Field,Local Guide,"Saturday, June 01, 2019 03:48:19",  82 reviews, 5 stars ,"Grest place, chepa drink on a monday"
Cori Davies,Local Guide,"Wednesday, May 31, 2017 04:10:47",  80 reviews, 5 stars ,"Good food,  clean pub"
James Serridge,Local Guide,"Sunday, May 31, 2020 09:37:05",  29 reviews, 5 stars ,Good food and atmosphere
David Jessop,Local Guide,"Monday, June 01, 2015 04:33:15",196 reviews, 5 stars ,Hi i want do that wetherspoon pub how to get there by train from Cardiff
Michael Davies,Local Guide,"Thursday, May 31, 2018 09:59:33",  20 reviews, 3 stars ,Always busy. Breakfast ok for the money
jonathan peach,Local Guide,"Thursday, May 31, 2018 09:59:33",12 reviews, 4 stars ,Great place. Reasonable price.
Daryl Sims,Local Guide,"Sunday, May 31, 2020 09:37:05",  265 reviews, 4 stars ,I liked it and had good value.
Gary England,Local Guide,"Monday, May 31, 2021 03:25:51",64 reviews, 5 stars ,Beer and food very cheap .
Menna Griffiths,Local Guide,"Saturday, June 01, 2019 03:48:19",11 reviews, 5 stars ,Decent spoons staff are always friendly
Helen Roberts,Local Guide,"Saturday, June 01, 2019 03:48:19",  14 reviews, 1 star ,Dont bother with the risotto.. Absolutely awful 🤢
Janice Jones,Local Guide,"Thursday, May 31, 2018 09:59:33",12 reviews, 5 stars ,Great nights sleep fantastic breakfast
Michael Avon,Local Guide,"Sunday, May 31, 2020 09:37:05",  15 reviews, 2 stars ,Wetherspoons pub not run very well
Daniel Smith (Ruffian),Local Guide,"Sunday, May 31, 2020 09:37:05",  132 reviews, 5 stars ,Gavin was amazed how cheap his breakfast was
John Barrcuda,Local Guide,"Thursday, May 31, 2018 09:59:33",  21 reviews, 5 stars ,Wonderful service staff are very friendly
JEFF JONES,Local Guide,"Tuesday, March 01, 2022 01:47:28",47 reviews, 5 stars ,Great place
Richard Davies,Local Guide,"Thursday, May 31, 2018 09:59:33",151 reviews, 3 stars ,"Nice food in there, I recommend it."
Phil Thomas,Local Guide,"Sunday, January 30, 2022 03:18:25",  44 reviews, 3 stars ,Typical wetherspoon
Martyn Bird,Local Guide,"Sunday, May 31, 2020 09:37:05",  35 reviews, 5 stars ,What's not to live about your local weather spoons
samantha evans,Local Guide,"Saturday, June 01, 2019 03:48:19",6 reviews, 3 stars ,Used the APP....  order still came out wrong
GERAINT HUMPHREYS,Local Guide,"Sunday, May 31, 2020 09:37:05",20 reviews, 2 stars ,Gone dirty once a good cleaning
adi paul,Local Guide,"Thursday, May 31, 2018 09:59:33",  43 reviews, 4 stars ,Typical weather spoons cheap quick and easy
Peter John,Local Guide,"Thursday, May 31, 2018 09:59:33",1 review, 5 stars ,good food at the right price
kc,Local Guide,"Monday, May 31, 2021 03:25:51",  231 reviews, 3 stars ,£2:10 a pint of Carling 🍺👍
Cheryl Harries,Local Guide,"Thursday, May 31, 2018 09:59:33",  14 reviews, 5 stars ,Always a good meal here.
Derek George,Local Guide,"Thursday, May 31, 2018 09:59:33",93 reviews, 5 stars ,Excellent value and very efficient service.
Jaime Boutwood,Local Guide,"Saturday, June 01, 2019 03:48:19",  37 reviews, 4 stars ,It's a good place for families.
Matthew Smart,Local Guide,"Sunday, May 31, 2020 09:37:05",  19 reviews, 5 stars ,"Staff are tidy, I like it here."
Dominic King,Local Guide,"Saturday, June 01, 2019 03:48:19",5 reviews, 4 stars ,"Great service, pleasant staff"
Cath Davies,Local Guide,"Sunday, May 31, 2020 09:37:05",  53 reviews, 4 stars ,Cheap and good menu
Jonathan Prosser,Local Guide,"Saturday, June 01, 2019 03:48:19",  26 reviews, 2 stars ,Food not good. Drink good.
Quin Chung,Local Guide,"Monday, June 01, 2015 04:33:15",  114 reviews, 2 stars ,Just another chain pub. Nothing surprising at all
Howard Lewis,Local Guide,"Thursday, May 31, 2018 09:59:33",8 reviews, 5 stars ,Always friendly good food
Kathryn Williams,Local Guide,"Saturday, June 01, 2019 03:48:19",41 reviews, 4 stars ,"Food ok, for the price."
Susan Owen,Local Guide,"Thursday, May 31, 2018 09:59:33",81 reviews, 4 stars ,Cheap and good value a popular destination.
Matthew Morris,Local Guide,"Sunday, May 31, 2020 09:37:05",  20 reviews, 3 stars ,The local spoons! Can’t go wrong with this really!
Chris Edwards,Local Guide,"Sunday, May 31, 2020 09:37:05",70 reviews, 2 stars ,"No carling, no fosters, no pizza !"
alys jones,Local Guide,"Thursday, May 31, 2018 09:59:33",  38 reviews, 4 stars ,Cheap and cheerful.  Friendly staff
Gavin Hall,Local Guide,"Thursday, December 30, 2021 04:49:22",  85 reviews, 4 stars ,Good food for the price
Alison Marie Dudley,Local Guide,"Saturday, June 01, 2019 03:48:19",  20 reviews, 4 stars ,Good service and very polite xxxxxx
Amanda Williams,Local Guide,"Saturday, June 01, 2019 03:48:19",6 reviews, 2 stars ,"Very
Messy.  Tables not cleared"
David Alexander Jurich,Local Guide,"Saturday, June 01, 2019 03:48:19",  57 reviews, 4 stars ,Clean toilet staff attentive
andrea pittard,Local Guide,"Thursday, May 31, 2018 09:59:33",  23 reviews, 4 stars ,Food is good cheap drink
David w,Local Guide,"Saturday, June 01, 2019 03:48:19",  32 reviews, 5 stars ,Very good for food.
Graham Jeffries,Local Guide,"Wednesday, May 31, 2017 04:10:47",  65 reviews, 3 stars ,"To many people, waiting to long to get served"
Jaci Davies,Local Guide,"Saturday, June 01, 2019 03:48:19",  289 reviews, 5 stars ,Fab food quick service
Paul Davies,Local Guide,"Sunday, May 31, 2020 09:37:05",  278 reviews, 5 stars ,Great food and beer
Alex palayz 2006 boy,Local Guide,"Monday, August 30, 2021 10:53:10",46 reviews, 4 stars ,Food was cold
Len Juliff,Local Guide,"Sunday, May 31, 2020 09:37:05",6 reviews, 5 stars ,Excellent food and service
Darren Hartland,Local Guide,"Saturday, June 01, 2019 03:48:19",11 reviews, 2 stars ,Flat beer. Midges. Breakfast OK
Neil Chapman,Local Guide,"Monday, August 30, 2021 10:53:10",  86 reviews, 3 stars ,Usual spoons experience.
Nigel Boulton,Local Guide,"Thursday, May 31, 2018 09:59:33",7 reviews, 1 star ,There's never enough staff to serve.
Gillian Matthews,Local Guide,"Saturday, June 01, 2019 03:48:19",16 reviews, 5 stars ,Best spoons I've been to!
Theboggy Bailey,Local Guide,"Saturday, June 01, 2019 03:48:19",  24 reviews, 3 stars ,Average pub with average food and drink.
J Pugh,Local Guide,"Thursday, May 31, 2018 09:59:33",  23 reviews, 4 stars ,"Wheelchair access, varied menu"
Leann Heath,Local Guide,"Thursday, May 31, 2018 09:59:33",  134 reviews, 5 stars ,Fantastic service and food
David Boylan,Local Guide,"Thursday, May 31, 2018 09:59:33",  23 reviews, 5 stars ,"Brilliant atmosphere, brilliant service"
D.j. G Hopkins,Local Guide,"Sunday, May 31, 2020 09:37:05",  87 reviews, 3 stars ,"Spoons , you know what you get in em."
philip griffiths,Local Guide,"Sunday, May 01, 2022 10:45:34",  218 reviews, 5 stars ,Friendly staff good food
ceri Jones,Local Guide,"Saturday, June 01, 2019 03:48:19",  45 reviews, 4 stars ,Lovely atmosphere great place
Linda Harper,Local Guide,"Saturday, June 01, 2019 03:48:19",8 reviews, 5 stars ,Love the place  xxx very polite staff
Kieran Hillman,Local Guide,"Monday, May 31, 2021 03:25:51",1 review, 1 star ,Got kicked out for no reason
Karl Bowley,Local Guide,"Thursday, May 31, 2018 09:59:33",42 reviews, 4 stars ,Not a bad place to socialise
Matthew Smiles,Local Guide,"Saturday, June 01, 2019 03:48:19",  84 reviews, 3 stars ,It's a spoons. Plenty of seating.
Andrew Williams,Local Guide,"Saturday, June 01, 2019 03:48:19",  84 reviews, 3 stars ,"No atmosphere, but cheap"
simon edwards,Local Guide,"Thursday, May 31, 2018 09:59:33",  59 reviews, 5 stars ,Great value breakfast!
Peter Humphreys,Local Guide,"Thursday, May 31, 2018 09:59:33",  70 reviews, 4 stars ,Spacious and very good value.
Ian Coleman,Local Guide,"Sunday, May 31, 2020 09:37:05",  36 reviews, 4 stars ,Nice beer garden!
Sabina Lewis,Local Guide,"Thursday, May 31, 2018 09:59:33",  295 reviews, 5 stars ,Good atmosphere and reasonable.
David Bates,Local Guide,"Thursday, May 31, 2018 09:59:33",  77 reviews, 3 stars ,Usual Wetherspoons service - slow
Darren Crayford,Local Guide,"Thursday, September 30, 2021 09:22:13",18 reviews, 5 stars ,Good value
Howard Lewis,Local Guide,"Saturday, June 01, 2019 03:48:19",  126 reviews, 5 stars ,Great pub and staff
Andrew Canterbury,Local Guide,"Sunday, May 31, 2020 09:37:05",7 reviews, 5 stars ,Very good
Michael Collins,Local Guide,"Saturday, June 01, 2019 03:48:19",45 reviews, 5 stars ,Excellent value for your money
Paul Jenkins,Local Guide,"Saturday, June 01, 2019 03:48:19",  32 reviews, 4 stars ,Good place for cheap meals
James Hallett,Local Guide,"Sunday, May 31, 2020 09:37:05",  104 reviews, 5 stars ,lovely pies and drinks
jonny charman,Local Guide,"Sunday, May 31, 2020 09:37:05",  139 reviews, 4 stars ,Good brekky for wales
robert spencer,Local Guide,"Sunday, May 31, 2020 09:37:05",  64 reviews, 5 stars ,Very nice
Michael Avon,Local Guide,"Thursday, May 31, 2018 09:59:33",  17 reviews, 2 stars ,Needs more staff to clear up guicker
Carol Edwards,Local Guide,"Saturday, June 01, 2019 03:48:19",2 reviews, 5 stars ,Quite nice here & food
Natalie Williams,Local Guide,"Thursday, May 31, 2018 09:59:33",3 reviews, 3 stars ,Took a while to clear the dirty plates.
Courteney Probert,Local Guide,"Saturday, June 01, 2019 03:48:19",  80 reviews, 2 stars ,"Brexshit Central, but cheep booze"
David Marshman,Local Guide,"Wednesday, May 31, 2017 04:10:47",4 reviews, 3 stars ,Too long a wait getting served
Crunch Bunch,Local Guide,"Thursday, May 31, 2018 09:59:33",  192 reviews, 4 stars ,Unlimited coffee 99p :-)
Christine Venn,Local Guide,"Thursday, May 31, 2018 09:59:33",  22 reviews, 5 stars ,Meals and drinks lovely
David Fairman,Local Guide,"Sunday, May 31, 2020 09:37:05",  28 reviews, 5 stars ,Fantastic Wetherspoon pub
Leon Gunstone,Local Guide,"Sunday, May 31, 2020 09:37:05",16 reviews, 5 stars ,Nice pint and food
Julie Wroblewska,Local Guide,"Saturday, June 01, 2019 03:48:19",7 reviews, 3 stars ,its ok for early drink
Jez Matthews,Local Guide,"Sunday, May 31, 2020 09:37:05",  58 reviews, 3 stars ,Cheap food cheap beer
Jadzeer1,Local Guide,"Saturday, June 01, 2019 03:48:19",  52 reviews, 5 stars ,Excellent service via the App
Slim Brammers,Local Guide,"Thursday, May 31, 2018 09:59:33",  40 reviews, 4 stars ,"Standard spoons, cheep and cheerful"
Mike Jones,Local Guide,"Sunday, May 31, 2020 09:37:05",  114 reviews, 5 stars ,Nice food and cheap
Alexia Davies,Local Guide,"Thursday, May 31, 2018 09:59:33",4 reviews, 3 stars ,Hit and miss with its quality of food
Michael Powell,Local Guide,"Saturday, June 01, 2019 03:48:19",  8 reviews, 4 stars ,Nice food
Kenzie bv,Local Guide,"Thursday, May 31, 2018 09:59:33",  25 reviews, 1 star ,Worst steak ever
Claire Arnold,Local Guide,"Thursday, May 31, 2018 09:59:33",  47 reviews, 5 stars ,"Nice food, nice place"
David Edwards,Local Guide,"Monday, May 31, 2021 03:25:51",  30 reviews, 5 stars ,spoons!
Pete Goodall,Local Guide,"Thursday, May 31, 2018 09:59:33",5 reviews, 4 stars ,Saves cooking sunday breakfast
Claire Ellaway,Local Guide,"Saturday, June 01, 2019 03:48:19",46 reviews, 4 stars ,Great value for money
Jason Waite,Local Guide,"Saturday, June 01, 2019 03:48:19",  22 reviews, 4 stars ,Ok food
Bronwyn Jones,Local Guide,"Thursday, May 31, 2018 09:59:33",  77 reviews, 5 stars ,Good food
Jamie Huddleston,Local Guide,"Saturday, June 01, 2019 03:48:19",  14 reviews, 4 stars ,Good food
Ben O'Keefe,Local Guide,"Saturday, June 01, 2019 03:48:19",  49 reviews, 3 stars ,It's a spoons. You know what you are getting
Maria Jenkins,Local Guide,"Saturday, June 01, 2019 03:48:19",7 reviews, 5 stars ,Brilliant place to socialise
1stMetalGod,Local Guide,"Thursday, May 31, 2018 09:59:33",  44 reviews, 5 stars ,Can't beat a #SneakySpoonsSesh
Richard Lea,Local Guide,"Thursday, May 31, 2018 09:59:33",14 reviews, 5 stars ,nice food
Denise Warren,Local Guide,"Saturday, June 01, 2019 03:48:19",  13 reviews, 5 stars ,Good food and drink
Dimosthenis Stogiannidis,Local Guide,"Thursday, May 31, 2018 09:59:33",4 reviews, 4 stars ,Standard quality from 'Spoons
Thetruthisouthere eli,Local Guide,"Saturday, June 01, 2019 03:48:19",  346 reviews, 4 stars ,Very nice food
Alex Griffiths,Local Guide,"Thursday, May 31, 2018 09:59:33",  6 reviews, 5 stars ,Speedy service for breakfast!
Michelle Juliff neal,Local Guide,"Thursday, May 31, 2018 09:59:33",  18 reviews, 2 stars ,Ford's not great
linda williams,Local Guide,"Saturday, June 01, 2019 03:48:19",20 reviews, 4 stars ,Tidy food tidy price
ATV BIKES LTD,Local Guide,"Thursday, May 31, 2018 09:59:33",  17 reviews, 5 stars ,Close to ATV bikes ltd
Daniel Dillon,Local Guide,"Thursday, May 31, 2018 09:59:33",  273 reviews, 4 stars ,Good food and beers
Jeff Mayo,Local Guide,"Saturday, June 01, 2019 03:48:19",  126 reviews, 3 stars ,OK here
Julieanne Ackerman,Local Guide,"Thursday, May 31, 2018 09:59:33",  76 reviews, 1 star ,"Sad, calculating greedy manager."
Kristian Evans,Local Guide,"Saturday, June 01, 2019 03:48:19",  22 reviews, 4 stars ,The carpet is strong in this one
Paul Daniel,Local Guide,"Thursday, May 31, 2018 09:59:33",9 reviews, 4 stars ,Excellent breakfast.
Beverley Evans,Local Guide,"Saturday, June 01, 2019 03:48:19",57 reviews, 1 star ,"Toilets stinking, drugs galore!!"
Davina Dixon,Local Guide,"Thursday, May 31, 2018 09:59:33",  25 reviews, 3 stars ,Breakfast  was stone cold
Mark Williams,Local Guide,"Friday, April 01, 2022 12:16:31",  203 reviews, 4 stars ,Start of a good night!!
Bethan Cox,Local Guide,"Thursday, September 30, 2021 09:22:13",  16 reviews, 5 stars ,Good service
dai jones,Local Guide,"Saturday, June 01, 2019 03:48:19",12 reviews, 5 stars ,Not to bad bit scruffy
Ruben Smith,Local Guide,"Wednesday, May 31, 2017 04:10:47",7 reviews, 3 stars ,Bad food
Nanny Panny,Local Guide,"Thursday, May 31, 2018 09:59:33",  30 reviews, 5 stars ,Quick friendly service
John Jenkins,Local Guide,"Thursday, May 31, 2018 09:59:33",  86 reviews, 4 stars ,Nice breakfast.
Gareth Parry-James,Local Guide,"Sunday, May 31, 2020 09:37:05",  37 reviews, 4 stars ,Good breakfast
HELEN WILLIAMS,Local Guide,"Sunday, May 31, 2020 09:37:05",22 reviews, 3 stars ,Ok
Mark Jones,Local Guide,"Saturday, June 01, 2019 03:48:19",33 reviews, 5 stars ,Always like spoons 👍
ken meurig,Local Guide,"Thursday, May 31, 2018 09:59:33",36 reviews, 5 stars ,Staff friendly  and helpful
Gavin Williams,Local Guide,"Wednesday, May 31, 2017 04:10:47",  8 reviews, 5 stars ,Bargain fresh food
John Thomson,Local Guide,"Sunday, May 31, 2020 09:37:05",40 reviews, 3 stars ,Spoons!
Wayne Strong,Local Guide,"Saturday, June 01, 2019 03:48:19",  94 reviews, 5 stars ,Love it
Julie Thomas,Local Guide,"Wednesday, May 31, 2017 04:10:47",13 reviews, 3 stars ,Food is ok
Mark Longley,Local Guide,"Wednesday, May 31, 2017 04:10:47",  3 reviews, 5 stars ,Great for kids
Ade,Local Guide,"Sunday, May 31, 2020 09:37:05",12 reviews, 5 stars ,Great
Geraint Lewis,Local Guide,"Saturday, June 01, 2019 03:48:19",  49 reviews, 1 star ,Poor atmosphere.
Andrew Terry,Local Guide,"Saturday, June 01, 2019 03:48:19",34 reviews, 5 stars ,Good all round
handfasted,Local Guide,"Sunday, May 31, 2020 09:37:05",  120 reviews, 3 stars ,Cheap and cheerful
Sean Reddy,Local Guide,"Sunday, May 31, 2020 09:37:05",  62 reviews, 5 stars ,Awesome
Liam Gough,Local Guide,"Sunday, May 31, 2020 09:37:05",1 review, 5 stars ,Great
Myrna Rees,Local Guide,"Sunday, May 31, 2020 09:37:05",  19 reviews, 5 stars ,Lovely
luke davies,Local Guide,"Monday, May 31, 2021 03:25:51",2 reviews, 5 stars ,Friendly and clean
Ian Gardiner,Local Guide,"Thursday, May 31, 2018 09:59:33",  31 reviews, 3 stars ,You get what you pay for
Haydn Morgan,Local Guide,"Sunday, May 31, 2020 09:37:05",3 reviews, 3 stars ,Cheap and cheerfull
Pete Goodall,Local Guide,"Saturday, June 01, 2019 03:48:19",13 reviews, 1 star ,Rubbisj
David Amos,Local Guide,"Sunday, May 31, 2020 09:37:05",1 review, 4 stars ,Value for money
michael potter,Local Guide,"Saturday, June 01, 2019 03:48:19",  138 reviews, 5 stars ,Clean and comfortable
Nic Price,Local Guide,"Sunday, May 31, 2020 09:37:05",  39 reviews, 4 stars ,Average weatherspoons
Michael Phillips,Local Guide,"Sunday, May 31, 2020 09:37:05",  315 reviews, 4 stars ,It weather spoons..
Christian James,Local Guide,"Thursday, May 31, 2018 09:59:33",  17 reviews, 5 stars ,Ok
Kelvin Jones,Local Guide,"Thursday, May 31, 2018 09:59:33",86 reviews, 2 stars ,Ok
Leigh Davies,Local Guide,"Saturday, June 01, 2019 03:48:19",  76 reviews, 3 stars ,Get what you pay for.
mark morelli,Local Guide,"Saturday, June 01, 2019 03:48:19",  256 reviews, 3 stars ,Tidy
Paul Evans,Local Guide,"Saturday, June 01, 2019 03:48:19",13 reviews, 5 stars ,Nice
dawny davies,Local Guide,"Saturday, June 01, 2019 03:48:19",  40 reviews, 5 stars ,great food
michael lewis,Local Guide,"Thursday, May 31, 2018 09:59:33",  103 reviews, 5 stars ,Great value
Hayley Teague,Local Guide,"Thursday, May 31, 2018 09:59:33",2 reviews, 2 stars ,It is what it is . Microwaved food  .
Katie Griffiths,Local Guide,"Thursday, May 31, 2018 09:59:33",2 reviews, 3 stars ,It's a weatherapoons
Cheryl Hamer,Local Guide,"Sunday, May 31, 2020 09:37:05",74 reviews, 5 stars ,Very friendly
Scott Pritchard,Local Guide,"Sunday, May 31, 2020 09:37:05",  26 reviews, 5 stars ,Always good
Doug Dayment,Local Guide,"Thursday, May 31, 2018 09:59:33",  58 reviews, 4 stars ,Excellent
T J,Local Guide,"Thursday, May 31, 2018 09:59:33",  38 reviews, 5 stars ,Good
Janice Gosling,Local Guide,"Saturday, June 01, 2019 03:48:19",10 reviews, 5 stars ,Good service.
Mark Williams,Local Guide,"Thursday, May 31, 2018 09:59:33",  23 reviews, 4 stars ,OK place to eat
Karen Long,Local Guide,"Sunday, May 31, 2020 09:37:05",9 reviews, 5 stars ,Agreed
Gavin Davies,Local Guide,"Sunday, May 31, 2020 09:37:05",5 reviews, 4 stars ,I like to spoon
Christian Roberts,Local Guide,"Saturday, June 01, 2019 03:48:19",10 reviews, 3 stars ,Alright
John Williams,Local Guide,"Saturday, June 01, 2019 03:48:19",33 reviews, 3 stars ,Needs refurb
Paul Hancock,Local Guide,"Saturday, June 01, 2019 03:48:19",66 reviews, 4 stars ,Local
gavin charles,Local Guide,"Sunday, May 31, 2020 09:37:05",  21 reviews, 4 stars ,Good spoons
A Bit More Bite,Local Guide,"Saturday, June 01, 2019 03:48:19",  26 reviews, 1 star ,Awful food
Marion Lewis,Local Guide,"Thursday, May 31, 2018 09:59:33",  36 reviews, 5 stars ,very popular
Kelly Richards,Local Guide,"Wednesday, May 31, 2017 04:10:47",  61 reviews, 4 stars ,Cheep and cheerful
John Griffiths,Local Guide,"Saturday, June 01, 2019 03:48:19",  10 reviews, 4 stars ,Good management
Ralph Handscomb,Local Guide,"Thursday, May 31, 2018 09:59:33",  334 reviews, 3 stars ,It's a Wetherspoon
Cliffy Davies,Local Guide,"Thursday, May 31, 2018 09:59:33",86 reviews, 4 stars ,Went  with   friends   😎🤗
michael roderick,Local Guide,"Thursday, May 31, 2018 09:59:33",3 reviews, 5 stars ,Can't fault it
Gaynor Orford,Local Guide,"Thursday, May 31, 2018 09:59:33",27 reviews, 4 stars ,Enjoyable night
Jonathan Phillips,Local Guide,"Saturday, June 01, 2019 03:48:19",  49 reviews, 3 stars ,Ok i guess
Ian Wood,Local Guide,"Saturday, June 01, 2019 03:48:19",  20 reviews, 1 star ,It's closed
Irene Rees,Local Guide,"Saturday, June 01, 2019 03:48:19",  133 reviews, 5 stars ,Nice place
Miss Clare Louise Jones,Local Guide,"Saturday, June 01, 2019 03:48:19",6 reviews, 3 stars ,OK xxxxx OK ok
Tony Hopkins,Local Guide,"Wednesday, May 31, 2017 04:10:47",  206 reviews, 5 stars ,It is okay
Robert Herrera,Local Guide,"Sunday, May 01, 2022 10:45:34",  330 reviews, 5 stars ,"(Translated by Google) Great, delicious as always and super attentive devinas people …"
Wizjo,Local Guide,"Thursday, May 31, 2018 09:59:33",  41 reviews, 5 stars ,"(Translated by Google) Good price, tasty food. Worth a visit

(Original) …"
Anja Schedler,Local Guide,"Tuesday, May 31, 2016 10:22:01",12 reviews, 5 stars ,"(Translated by Google) Very good food, nice people. Delicious food and nice people. …"
glowa koguta,Local Guide,"Tuesday, November 30, 2021 06:20:19",  761 reviews, 5 stars ,"(Translated by Google) Good location, I recommend

(Original)
Dobra lokalizacja, polecam"
Anett Gbr,Local Guide,"Sunday, May 31, 2020 09:37:05",25 reviews, 2 stars ,"(Translated by Google) Too loud. Unclean tables. Food was good.

(Original) …"
anthony Fidler,Local Guide,"Saturday, June 01, 2019 03:48:19",  56 reviews, 4 stars ,"(Translated by Google) Nice food nice real ale

(Original)
Nice food nice real ale"
Alessandra Bernardo,Local Guide,"Saturday, June 01, 2019 03:48:19",  68 reviews, 3 stars ,"(Translated by Google) Nice pub

(Original)
Nice pub"
Rhys Williams,Local Guide,"Sunday, May 31, 2020 09:37:05",4 reviews, 5 stars ,"(Translated by Google) Great place. Lovely

(Original)
Great place. Hyfryd"
Adrian Black,Local Guide,"Thursday, May 31, 2018 09:59:33",2 reviews, 5 stars ,"(Translated by Google) Nice cup of coffee 👍

(Original)
Nice cupa coffee 👍"
